INSERT INTO department (department_id, department_name)
VALUES (1, 'School of Landscape Architecture'), (2, 'Department of Tourism, Sport and Society'), (3, 'Department of Wine, Food and Molecular Biosciences'), (4, 'Department of Pest Management and Conservation'),	(5, 'Department of Corporate Services')
;

INSERT INTO position (position_id, position_name)
VALUES (1, 'Professor'), (2, 'Associate Professor'), (3, 'Lecturer'), (4, 'Tutor'), (5, 'Vice-Chancellor'), (6, 'Director'), (7, 'Finance Director'), (8, 'HR Director'), (9, 'Technology Director')
;

INSERT INTO role (role_id, role_name)
VALUES (1, 'administrator'), (2, 'approval manager'), (3, 'employee')
;

INSERT INTO employee (employee_id, employee_title, employee_fname, employee_lname, employee_email,
employee_password, date_joined, position_id, position_start_date, department_id, supervisor_id, approval_manager_id)
VALUES (1, 'Miss', 'Sherlyn', 'Duan', 'sherlyn.duan@lincolnuni.ac.nz', '$2b$12$7K9Mr7TNLvMk0IBlCrTIi.A2r1FUviBpNRuKRN74zHiTUyeYFhVze', '2004-06-14', 5, '2022-02-23', 5, 2, 2),
(2, 'Mr', 'Steven', 'Rawley', 'steven.rawley@lincolnuni.ac.nz', '$2b$12$pJOA9/2wKJFNupBdLI3KOe1hfHbyE3Mccih0Ps5vjJ.HQQaO8Q1AW', '1988-06-15', 7, '2019-01-09', 5, 1, 1),
(3, 'Dr', 'Harry', 'McFabb', 'harry.mcfabb@lincolnuni.ac.nz', '$2b$12$m8h16TRDYACTnuK3zL5BE.ey4O.gifwiV8qBsrsb4AXcbtR93cCGC', '1980-05-23', 8, '2015-05-05', 5, 1, 1),
(4, 'Mrs', 'Belinda', 'Willis', 'belinda.willis@lincolnuni.ac.nz', '$2b$12$ooihF8v/q.WGddJLXhvfZOY1Ds9K28UJCCI0LfbSmJwAyCOTnqc36', '2023-01-31', 1, '2023-01-31', 2, 3, 3),
(5, 'Miss', 'Cassie', 'Lieu', 'cassie.lieu@lincolnuni.ac.nz', '$2b$12$BqMbY1BSn6Sng.cMt2oqDuH5rjUVJg2jO70ip6HiJtKfCasfvOP0m', '2020-02-20', 4, '2020-02-20', 2, 6, 4),
(6, 'Mrs', 'Hilary', 'Swank', 'hilary.swank@lincolnuni.ac.nz', '$2b$12$4CTZRw5Eel1ZuAhfKKvj8uHFGjqmIte2Gu1FXJedPd3jTVF//c4zq', '1995-02-10', 3, '1995-02-10', 2, 4, 4),
(7, 'Dr', 'Isabella', 'Brooks', 'Isabella.Brooks@lincolnuni.co.nz', '$2b$12$7K9Mr7TNLvMk0IBlCrTIi.A2r1FUviBpNRuKRN74zHiTUyeYFhVze', '2017-09-15', 8, '2018-07-31', 5, 1, 1),
(8, 'Mr', 'Elijah', 'Wood', 'Elijah.Wood@lincolnuni.co.nz', '$2b$12$7K9Mr7TNLvMk0IBlCrTIi.A2r1FUviBpNRuKRN74zHiTUyeYFhVze', '1995-02-25', 9, '1996-09-06', 5, 1, 1),
(9, 'Ms', 'Sophia', 'Kim', 'Sophia.Kim@lincolnuni.co.nz', '$2b$12$7K9Mr7TNLvMk0IBlCrTIi.A2r1FUviBpNRuKRN74zHiTUyeYFhVze', '1991-01-17', 1, '1992-08-04', 1, 3, 3),
(10, 'Prof', 'Oliver', 'Martinez', 'Oliver.Martinez@lincolnuni.co.nz', '$2b$12$7K9Mr7TNLvMk0IBlCrTIi.A2r1FUviBpNRuKRN74zHiTUyeYFhVze', '2006-08-04', 2, '2006-08-06', 1, 9, 9),
(11, 'Mrs', 'Penelope', 'Chen', 'Penelope.Chen@lincolnuni.co.nz', '$2b$12$7K9Mr7TNLvMk0IBlCrTIi.A2r1FUviBpNRuKRN74zHiTUyeYFhVze', '2000-12-23', 3, '2001-10-31', 1, 10, 9),
(12, 'Rev', 'Michael', 'Brown', 'Michael.Brown@lincolnuni.co.nz', '$2b$12$7K9Mr7TNLvMk0IBlCrTIi.A2r1FUviBpNRuKRN74zHiTUyeYFhVze', '2016-01-27', 3, '2016-11-14', 1, 9, 9),
(13, 'Miss', 'Charlotte', 'Lee', 'Charlotte.Lee@lincolnuni.co.nz', '$2b$12$7K9Mr7TNLvMk0IBlCrTIi.A2r1FUviBpNRuKRN74zHiTUyeYFhVze', '2008-01-17', 4, '2008-12-26', 1, 12, 9),
(14, 'Mr', 'William', 'Rodriguez', 'William.Rodriguez@lincolnuni.co.nz', '$2b$12$7K9Mr7TNLvMk0IBlCrTIi.A2r1FUviBpNRuKRN74zHiTUyeYFhVze', '2015-08-19', 4, '2016-03-16', 1, 12, 9),
(15, 'Dr', 'Samantha', 'Green', 'Samantha.Green@lincolnuni.co.nz', '$2b$12$7K9Mr7TNLvMk0IBlCrTIi.A2r1FUviBpNRuKRN74zHiTUyeYFhVze', '2018-07-09', 3, '2019-06-24', 2, 4, 4),
(16, 'Ms', 'Grace', 'Adams', 'Grace.Adams@lincolnuni.co.nz', '$2b$12$7K9Mr7TNLvMk0IBlCrTIi.A2r1FUviBpNRuKRN74zHiTUyeYFhVze', '2001-06-22', 4, '2002-12-08', 2, 15, 4),
(17, 'Mr', 'Lucas', 'Patel', 'Lucas.Patel@lincolnuni.co.nz', '$2b$12$7K9Mr7TNLvMk0IBlCrTIi.A2r1FUviBpNRuKRN74zHiTUyeYFhVze', '1993-01-25', 4, '1993-11-21', 2, 6, 4),
(18, 'Mrs', 'Julia', 'Garcia', 'Julia.Garcia@lincolnuni.co.nz', '$2b$12$7K9Mr7TNLvMk0IBlCrTIi.A2r1FUviBpNRuKRN74zHiTUyeYFhVze', '2017-01-06', 1, '2017-06-27', 3, 3, 3),
(19, 'Prof', 'Benjamin', 'Taylor', 'Benjamin.Taylor@lincolnuni.co.nz', '$2b$12$7K9Mr7TNLvMk0IBlCrTIi.A2r1FUviBpNRuKRN74zHiTUyeYFhVze', '2010-05-05', 3, '2010-06-20', 3, 18, 18),
(20, 'Dr', 'Victoria', 'Nguyen', 'Victoria.Nguyen@lincolnuni.co.nz', '$2b$12$7K9Mr7TNLvMk0IBlCrTIi.A2r1FUviBpNRuKRN74zHiTUyeYFhVze', '2014-12-28', 4, '2016-01-28', 3, 19, 18),
(21, 'Mr', 'Alexander', 'Baker', 'Alexander.Baker@lincolnuni.co.nz', '$2b$12$7K9Mr7TNLvMk0IBlCrTIi.A2r1FUviBpNRuKRN74zHiTUyeYFhVze', '2016-02-22', 3, '2017-07-02', 3, 18, 18),
(22, 'Ms', 'Elizabeth', 'Wright', 'Elizabeth.Wright@lincolnuni.co.nz', '$2b$12$7K9Mr7TNLvMk0IBlCrTIi.A2r1FUviBpNRuKRN74zHiTUyeYFhVze', '1990-12-13', 4, '1991-07-03', 3, 21, 18),
(23, 'Rev', 'Christopher', 'Lee', 'Christopher.Lee@lincolnuni.co.nz', '$2b$12$7K9Mr7TNLvMk0IBlCrTIi.A2r1FUviBpNRuKRN74zHiTUyeYFhVze', '2020-04-10', 4, '2020-08-05', 3, 21, 18),
(24, 'Miss', 'Jasmine', 'Chen', 'Jasmine.Chen@lincolnuni.co.nz', '$2b$12$7K9Mr7TNLvMk0IBlCrTIi.A2r1FUviBpNRuKRN74zHiTUyeYFhVze', '2014-06-10', 1, '2015-04-13', 4, 3, 3),
(25, 'Mr', 'David', 'Kim', 'David.Kim@lincolnuni.co.nz', '$2b$12$7K9Mr7TNLvMk0IBlCrTIi.A2r1FUviBpNRuKRN74zHiTUyeYFhVze', '2004-11-06', 3, '2004-12-10', 4, 24, 24),
(26, 'Dr', 'Emily', 'Davis', 'Emily.Davis@lincolnuni.co.nz', '$2b$12$7K9Mr7TNLvMk0IBlCrTIi.A2r1FUviBpNRuKRN74zHiTUyeYFhVze', '2017-11-21', 4, '2018-04-26', 4, 25, 24),
(27, 'Mrs', 'Catherine', 'Phillips', 'Catherine.Phillips@lincolnuni.co.nz', '$2b$12$7K9Mr7TNLvMk0IBlCrTIi.A2r1FUviBpNRuKRN74zHiTUyeYFhVze', '1992-08-20', 3, '1993-02-13', 4, 24, 24),
(28, 'Dr', 'Henry', 'Liu', 'Henry.Liu@lincolnuni.co.nz', '$2b$12$7K9Mr7TNLvMk0IBlCrTIi.A2r1FUviBpNRuKRN74zHiTUyeYFhVze', '2021-11-06', 4, '2022-12-16', 4, 27, 24),
(29, 'Mr', 'Isaac', 'Robinson', 'Isaac.Robinson@lincolnuni.co.nz', '$2b$12$7K9Mr7TNLvMk0IBlCrTIi.A2r1FUviBpNRuKRN74zHiTUyeYFhVze', '1991-07-12', 4, '1992-11-13', 4, 27, 24)
;

INSERT INTO employee_role (employee_id, role_id)
VALUES
(1,1),
(2,1),
(3,1),
(4,2),
(5,3),
(6,3),
(7, 1),
(8, 1),
(9, 2),
(10, 3),
(11, 3),
(12, 3),
(13, 3),
(14, 3),
(15, 3),
(16, 3),
(17, 3),
(18, 2),
(19, 3),
(20, 3),
(21, 3),
(22, 3),
(23, 3),
(24, 2),
(25, 3),
(26, 3),
(27, 3),
(28, 3),
(29, 3)
;

INSERT INTO leave_type (leave_type_id, leave_type, leave_discription)
VALUES 
(1, 'Annual Leave', "Annual leave refers to a period of time off from work that is granted to employees for rest, relaxation, and personal pursuits."), 
(2, 'Sick Leave', "Sick leave allows employees to take time off from work when they are unwell or dealing with a personal illness or injury."), 
(3, 'Bereavement Leave', "Bereavement leave, also known as compassionate leave or funeral leave, is granted to employees who have experienced the death of a family member or loved one."), 
(4, 'Special Leave with Pay', "Special leave with pay refers to a specific type of leave granted to employees for special circumstances that may not fall under other leave categories."),
(5, 'Unpaid Leave', "Unpaid leave refers to a period of time off from work that is granted to employees but does not come with regular pay."),
(6, 'Sick Family', "Sick family leave is a type of leave that allows employees to take time off to care for a sick family member, such as a child, spouse, or parent."),
(7, 'Parental', "Parental leave is a type of leave that is granted to employees who have become parents, either through birth or adoption.")
;

INSERT INTO request_status (status_approval_id, status_approval_description)
VALUES 
(-2, 'Rejected'), 
(-1, 'Withdrawn'), 
(0, 'Pending Approval'), 
(1, 'Approved'),
(2, 'Approved and Paid'),
(3, 'Draft')
;

INSERT INTO leave_request (request_id, employee_id, leave_type_id, start_date, end_date, status_approval, approval_manager_id, comment, processed_by_payroll, duration_days, unpaid_duration_days)
VALUES 
(1, 13, 2, '2023-10-16', '2023-10-16', 0, 9, 'Sick', 0, 1,1),
(2, 5, 1, '2023-10-28', '2023-11-08', 1, 4, 'In lieu of Sick Leave', 0, 8,8),
(3, 27, 1, '2023-12-25', '2024-01-09', 0, 24, 'In lieu of Sick Leave', 0, 8,8),
(4, 17, 1, '2023-10-05', '2023-10-07', 1, 4, 'In lieu of Sick Leave', 0, 2,2),
(5, 18, 2, '2023-08-03', '2023-08-03', 0, 3, 'Sick', 0, 1,1),
(6, 19, 2, '2023-08-28', '2023-08-28', 1, 18, 'Sick', 0, 1,1),
(9, 11, 1, '2023-09-05', '2023-09-12', 1, 9, 'Holiday', 0, 6,6),
(10, 20, 2, '2023-09-15', '2023-09-15', 1, 18, 'Family sick', 0, 1,1),
(11, 17, 2, '2023-06-01', '2023-06-01', 1, 4, 'Family sick', 0, 1,1),
(12, 19, 1, '2023-02-07', '2023-02-18', 2, 18, 'Holiday', 1, 9,0),
(13, 19, 1, '2023-04-14', '2023-04-28', 2, 18, 'Holiday', 1, 10,10),
(14, 29, 1, '2023-02-15', '2023-02-22', 2, 24, 'Holiday', 1, 6,6),
(15, 25, 2, '2023-02-18', '2023-02-18', 2, 24, 'Sick', 0, 1,0),
(16, 24, 1, '2023-11-17', '2023-12-01', 0, 3, 'Holiday', 0, 11,11),
(17, 22, 1, '2023-03-03', '2023-03-06', 2, 18, 'Holiday', 1, 2,0),
(18, 29, 1, '2023-07-18', '2023-07-25', 0, 24, 'Holiday', 0, 6,6),
(19, 23, 2, '2023-03-04', '2023-03-12', 2, 18, 'Sick', 1, 5,0),
(20, 10, 2, '2023-03-06', '2023-03-12', 2, 9, 'Sick', 1, 5,0),
(21, 15, 2, '2023-05-12', '2023-05-12', 1, 4, 'Family sick', 0, 1,1),
(22, 14, 1, '2023-07-13', '2023-07-27', 1, 9, 'Holiday', 0, 10,10),
(23, 21, 1, '2023-06-14', '2023-06-24', 0, 18, 'In lieu of Sick Leave', 0, 8,8),
(24, 24, 2, '2023-09-11', '2023-09-11', 1, 3, 'Family sick', 0, 1,1),
(25, 15, 1, '2023-05-03', '2023-05-16', 2, 4, 'Holiday', 1, 10,7),
(26, 7, 2, '2023-11-25', '2023-11-25', 0, 5, 'Family sick', 0, 1,1),
(27, 18, 2, '2023-10-13', '2023-10-13', 1, 3, 'Sick', 0, 1,1),
(28, 10, 1, '2023-07-20', '2023-08-04', 1, 9, 'Holiday', 0, 12,12),
(30, 4, 2, '2023-12-14', '2023-12-14', 0, 3, 'Family sick', 0, 1,1),
(31, 14, 1, '2023-03-25', '2023-03-30', 2, 9, 'Holiday', 1, 4,0),
(32, 28, 2, '2023-03-06', '2023-03-10', 2, 24, 'Sick', 1, 5,0),
(33, 10, 2, '2023-06-02', '2023-06-02', 1, 9, 'Sick', 0, 1,1),
(34, 6, 1, '2023-12-25', '2024-01-06', 1, 4, 'Holiday', 0, 6,6),
(35, 28, 2, '2023-06-27', '2023-06-27', 0, 24, 'Family sick', 0, 1,1),
(36, 1, 1, '2023-10-24', '2023-11-08', 1, 2, 'Holiday', 0, 12,12),
(38, 13, 1, '2023-08-22', '2023-08-25', 1, 9, 'Personal reason', 0, 4,4),
(39, 28, 1, '2023-03-16', '2023-03-31', 2, 24, 'Holiday', 1, 12,0),
(40, 11, 1, '2023-04-09', '2023-04-09', 2, 9, 'Holiday', 1, 1,0),
(41, 8, 1, '2023-06-11', '2023-06-26', 0, 5, 'Holiday', 0, 11,11),
(42, 18, 1, '2023-06-11', '2023-06-24', 1, 3, 'Holiday', 0, 10,10),
(43, 1, 2, '2023-01-28', '2023-02-03', 2, 2, 'Sick', 1, 5,0),
(44, 8, 1, '2023-02-27', '2023-03-06', 2, 5, 'Holiday', 1, 6,0),
(45, 17, 2, '2023-06-26', '2023-06-27', 0, 4, 'Sick', 0, 2,2),
(46, 25, 1, '2023-01-09', '2023-01-22', 2, 24, 'Holiday', 1, 10,0),
(47, 3, 2, '2023-07-01', '2023-07-01', 0, 1, 'Sick', 0, 1,1),
(48, 9, 2, '2023-10-16', '2023-10-16', 0, 3, 'Sick', 0, 1,1),
(49, 25, 1, '2023-01-18', '2023-01-21', 0, 24, 'In lieu of Sick Leave', 0, 3,3),
(50, 29, 1, '2023-11-23', '2023-11-26', 0, 24, 'Holiday', 0, 2,2),
(51, 17, 2, '2023-12-03', '2023-12-03', 0, 4, 'Family sick', 0, 1,1),
(52, 1, 1, '2023-08-14', '2023-08-21', 0, 2, 'Holiday', 0, 6,6),
(53, 25, 1, '2023-12-04', '2023-12-17', 1, 24, 'Holiay', 0, 10,10),
(54, 7, 1, '2023-12-16', '2023-12-23', 0, 5, 'Holiday', 0, 5,5),
(55, 20, 2, '2023-04-28', '2023-04-28', 2, 18, 'Sick', 1, 1,0),
(56, 8, 1, '2023-02-23', '2023-02-25', 2, 5, 'Personal reason', 1, 2,0),
(57, 29, 2, '2023-11-13', '2023-11-13', 1, 24, 'Sick', 0, 1,1),
(58, 29, 1, '2023-10-11', '2023-10-20', 1, 24, 'Holiday', 0, 8,8),
(59, 10, 2, '2023-11-17', '2023-11-18', 1, 9, 'Family sick', 0, 1,1),
(60, 17, 1, '2023-08-28', '2023-08-31', 0, 4, 'Holiday', 0, 4,4),
(61, 1, 2, '2023-04-05', '2023-04-15', 2, 2, 'Family sick', 1, 6,0),
(62, 22, 2, '2023-03-03', '2023-03-04', 2, 18, 'Sick', 1, 1,0),
(63, 16, 2, '2023-11-06', '2023-11-07', 1, 4, 'Sick', 0, 2,2),
(64, 26, 1, '2023-03-17', '2023-03-25', 2, 24, 'In lieu of Sick Leave', 1, 6,0),
(65, 7, 2, '2023-11-08', '2023-11-08', 0, 5, 'Sick', 0, 1,1),
(66, 2, 1, '2023-07-18', '2023-07-23', 1, 1, 'In lieu of Sick Leave', 0, 4,4),
(67, 18, 2, '2023-10-13', '2023-10-13', 1, 3, 'Sick', 0, 1,1),
(68, 21, 1, '2023-06-19', '2023-07-02', 1, 18, 'Holiday', 0, 10,10),
(69, 3, 1, '2023-07-26', '2023-08-08', 0, 1, 'Holiday', 0, 10,10),
(70, 21, 2, '2023-02-22', '2023-02-26', 2, 18, 'Family sick', 1, 3,0),
(71, 21, 1, '2023-11-10', '2023-11-16', 0, 18, 'Holiday', 0, 5,5),
(72, 20, 1, '2023-12-20', '2024-01-01', 1, 18, 'Personal reason', 0, 6,6),
(73, 2, 1, '2023-11-23', '2023-12-04', 1, 1, 'Holiday', 0, 8,8),
(74, 11, 1, '2023-02-25', '2023-03-10', 2, 9, 'In lieu of Sick Leave', 1, 10,0),
(75, 6, 2, '2023-11-10', '2023-11-10', 1, 4, 'Family sick', 0, 1,1),
(76, 3, 1, '2023-01-14', '2023-01-27', 1, 1, 'Personal reason', 0, 10,10),
(77, 5, 1, '2023-08-03', '2023-08-16', 1, 4, 'Holiday', 0, 10,10),
(78, 18, 1, '2023-08-14', '2023-08-21', 0, 3, 'Personal reason', 0, 6,6),
(79, 17, 2, '2023-05-25', '2023-05-26', 0, 4, 'Family sick', 0, 1,1),
(80, 7, 1, '2023-05-07', '2023-05-08', 1, 5, 'Holiday', 0, 1,1),
(81, 20, 1, '2023-02-19', '2023-02-26', 1, 18, 'In lieu of Sick Leave', 0, 5,5),
(82, 7, 2, '2023-05-17', '2023-05-17', 0, 5, 'Sick', 0, 1,1),
(83, 18, 2, '2023-03-28', '2023-04-11', 2, 3, 'Sick', 1, 9,0),
(84, 9, 1, '2023-05-19', '2023-05-24', 0, 3, 'Personal reason', 0, 4,4),
(85, 15, 2, '2023-04-02', '2023-04-05', 2, 4, 'Sick', 1, 3,0),
(86, 11, 1, '2023-10-16', '2023-10-22', 0, 9, 'Holiday', 0, 5,5),
(87, 21, 1, '2023-11-14', '2023-11-18', 1, 18, 'Personal reason', 0, 4,4),
(88, 14, 1, '2023-09-19', '2023-09-21', 0, 9, 'Holiday', 0, 3,3),
(89, 15, 1, '2023-04-23', '2023-04-25', 2, 4, 'Holiday', 1, 1,0),
(90, 18, 1, '2023-03-04', '2023-03-19', 2, 3, 'Holiday', 1, 10,0),
(91, 17, 2, '2023-02-03', '2023-02-07', 2, 4, 'Sick', 1, 2,0)
;

INSERT INTO leave_balance (employee_id, annual_leave_balance, sick_leave_balance)
VALUES 
(1, 249, 8),
(2, 113, 9),
(3, 216, 20),
(4, 66, 11),
(5, 289, 13),
(6, 117, 10),
(7, 46, 12),
(8, 217, 15),
(9, 250, 22),
(10, 221, 18),
(11, 35, 7),
(12, 249, 9),
(13, 22, 21),
(14, 56, 20),
(15, 152, 34),
(16, 66, 34),
(17, 145, 11),
(18, 102, 18),
(19, 97, 7),
(20, 170, 9),
(21, 121, 17),
(22, 145, 13),
(23, 162, 21),
(24, 145, 6),
(25, 163, 14),
(26, 93, 9),
(27, 64, 22),
(28, 26, 1),
(29, 81, 5)
;


INSERT INTO datetable (date, year, quarter, month, wk_num, leave_cost_day, day_num) VALUES
('2020-01-01', '2020', 'Q1', 1, 01, 0, 3),
('2020-01-02', '2020', 'Q1', 1, 01, 0, 4),
('2020-01-03', '2020', 'Q1', 1, 01, 1, 5),
('2020-01-04', '2020', 'Q1', 1, 01, 0, 6),
('2020-01-05', '2020', 'Q1', 1, 01, 0, 7),
('2020-01-06', '2020', 'Q1', 1, 02, 1, 1),
('2020-01-07', '2020', 'Q1', 1, 02, 1, 2),
('2020-01-08', '2020', 'Q1', 1, 02, 1, 3),
('2020-01-09', '2020', 'Q1', 1, 02, 1, 4),
('2020-01-10', '2020', 'Q1', 1, 02, 1, 5),
('2020-01-11', '2020', 'Q1', 1, 02, 0, 6),
('2020-01-12', '2020', 'Q1', 1, 02, 0, 7),
('2020-01-13', '2020', 'Q1', 1, 03, 1, 1),
('2020-01-14', '2020', 'Q1', 1, 03, 1, 2),
('2020-01-15', '2020', 'Q1', 1, 03, 1, 3),
('2020-01-16', '2020', 'Q1', 1, 03, 1, 4),
('2020-01-17', '2020', 'Q1', 1, 03, 1, 5),
('2020-01-18', '2020', 'Q1', 1, 03, 0, 6),
('2020-01-19', '2020', 'Q1', 1, 03, 0, 7),
('2020-01-20', '2020', 'Q1', 1, 04, 1, 1),
('2020-01-21', '2020', 'Q1', 1, 04, 1, 2),
('2020-01-22', '2020', 'Q1', 1, 04, 1, 3),
('2020-01-23', '2020', 'Q1', 1, 04, 1, 4),
('2020-01-24', '2020', 'Q1', 1, 04, 1, 5),
('2020-01-25', '2020', 'Q1', 1, 04, 0, 6),
('2020-01-26', '2020', 'Q1', 1, 04, 0, 7),
('2020-01-27', '2020', 'Q1', 1, 05, 1, 1),
('2020-01-28', '2020', 'Q1', 1, 05, 1, 2),
('2020-01-29', '2020', 'Q1', 1, 05, 1, 3),
('2020-01-30', '2020', 'Q1', 1, 05, 1, 4),
('2020-01-31', '2020', 'Q1', 1, 05, 1, 5),
('2020-02-01', '2020', 'Q1', 2, 05, 0, 6),
('2020-02-02', '2020', 'Q1', 2, 05, 0, 7),
('2020-02-03', '2020', 'Q1', 2, 06, 1, 1),
('2020-02-04', '2020', 'Q1', 2, 06, 1, 2),
('2020-02-05', '2020', 'Q1', 2, 06, 1, 3),
('2020-02-06', '2020', 'Q1', 2, 06, 0, 4),
('2020-02-07', '2020', 'Q1', 2, 06, 1, 5),
('2020-02-08', '2020', 'Q1', 2, 06, 0, 6),
('2020-02-09', '2020', 'Q1', 2, 06, 0, 7),
('2020-02-10', '2020', 'Q1', 2, 07, 1, 1),
('2020-02-11', '2020', 'Q1', 2, 07, 1, 2),
('2020-02-12', '2020', 'Q1', 2, 07, 1, 3),
('2020-02-13', '2020', 'Q1', 2, 07, 1, 4),
('2020-02-14', '2020', 'Q1', 2, 07, 1, 5),
('2020-02-15', '2020', 'Q1', 2, 07, 0, 6),
('2020-02-16', '2020', 'Q1', 2, 07, 0, 7),
('2020-02-17', '2020', 'Q1', 2, 08, 1, 1),
('2020-02-18', '2020', 'Q1', 2, 08, 1, 2),
('2020-02-19', '2020', 'Q1', 2, 08, 1, 3),
('2020-02-20', '2020', 'Q1', 2, 08, 1, 4),
('2020-02-21', '2020', 'Q1', 2, 08, 1, 5),
('2020-02-22', '2020', 'Q1', 2, 08, 0, 6),
('2020-02-23', '2020', 'Q1', 2, 08, 0, 7),
('2020-02-24', '2020', 'Q1', 2, 09, 1, 1),
('2020-02-25', '2020', 'Q1', 2, 09, 1, 2),
('2020-02-26', '2020', 'Q1', 2, 09, 1, 3),
('2020-02-27', '2020', 'Q1', 2, 09, 1, 4),
('2020-02-28', '2020', 'Q1', 2, 09, 1, 5),
('2020-02-29', '2020', 'Q1', 2, 09, 0, 6),
('2020-03-01', '2020', 'Q1', 3, 09, 0, 7),
('2020-03-02', '2020', 'Q1', 3, 10, 1, 1),
('2020-03-03', '2020', 'Q1', 3, 10, 1, 2),
('2020-03-04', '2020', 'Q1', 3, 10, 1, 3),
('2020-03-05', '2020', 'Q1', 3, 10, 1, 4),
('2020-03-06', '2020', 'Q1', 3, 10, 1, 5),
('2020-03-07', '2020', 'Q1', 3, 10, 0, 6),
('2020-03-08', '2020', 'Q1', 3, 10, 0, 7),
('2020-03-09', '2020', 'Q1', 3, 11, 1, 1),
('2020-03-10', '2020', 'Q1', 3, 11, 1, 2),
('2020-03-11', '2020', 'Q1', 3, 11, 1, 3),
('2020-03-12', '2020', 'Q1', 3, 11, 1, 4),
('2020-03-13', '2020', 'Q1', 3, 11, 1, 5),
('2020-03-14', '2020', 'Q1', 3, 11, 0, 6),
('2020-03-15', '2020', 'Q1', 3, 11, 0, 7),
('2020-03-16', '2020', 'Q1', 3, 12, 1, 1),
('2020-03-17', '2020', 'Q1', 3, 12, 1, 2),
('2020-03-18', '2020', 'Q1', 3, 12, 1, 3),
('2020-03-19', '2020', 'Q1', 3, 12, 1, 4),
('2020-03-20', '2020', 'Q1', 3, 12, 1, 5),
('2020-03-21', '2020', 'Q1', 3, 12, 0, 6),
('2020-03-22', '2020', 'Q1', 3, 12, 0, 7),
('2020-03-23', '2020', 'Q1', 3, 13, 1, 1),
('2020-03-24', '2020', 'Q1', 3, 13, 1, 2),
('2020-03-25', '2020', 'Q1', 3, 13, 1, 3),
('2020-03-26', '2020', 'Q1', 3, 13, 1, 4),
('2020-03-27', '2020', 'Q1', 3, 13, 1, 5),
('2020-03-28', '2020', 'Q1', 3, 13, 0, 6),
('2020-03-29', '2020', 'Q1', 3, 13, 0, 7),
('2020-03-30', '2020', 'Q1', 3, 14, 1, 1),
('2020-03-31', '2020', 'Q1', 3, 14, 1, 2),
('2020-04-01', '2020', 'Q2', 4, 14, 1, 3),
('2020-04-02', '2020', 'Q2', 4, 14, 1, 4),
('2020-04-03', '2020', 'Q2', 4, 14, 1, 5),
('2020-04-04', '2020', 'Q2', 4, 14, 0, 6),
('2020-04-05', '2020', 'Q2', 4, 14, 0, 7),
('2020-04-06', '2020', 'Q2', 4, 15, 1, 1),
('2020-04-07', '2020', 'Q2', 4, 15, 1, 2),
('2020-04-08', '2020', 'Q2', 4, 15, 1, 3),
('2020-04-09', '2020', 'Q2', 4, 15, 1, 4),
('2020-04-10', '2020', 'Q2', 4, 15, 0, 5),
('2020-04-11', '2020', 'Q2', 4, 15, 0, 6),
('2020-04-12', '2020', 'Q2', 4, 15, 0, 7),
('2020-04-13', '2020', 'Q2', 4, 16, 0, 1),
('2020-04-14', '2020', 'Q2', 4, 16, 1, 2),
('2020-04-15', '2020', 'Q2', 4, 16, 1, 3),
('2020-04-16', '2020', 'Q2', 4, 16, 1, 4),
('2020-04-17', '2020', 'Q2', 4, 16, 1, 5),
('2020-04-18', '2020', 'Q2', 4, 16, 0, 6),
('2020-04-19', '2020', 'Q2', 4, 16, 0, 7),
('2020-04-20', '2020', 'Q2', 4, 17, 1, 1),
('2020-04-21', '2020', 'Q2', 4, 17, 1, 2),
('2020-04-22', '2020', 'Q2', 4, 17, 1, 3),
('2020-04-23', '2020', 'Q2', 4, 17, 1, 4),
('2020-04-24', '2020', 'Q2', 4, 17, 1, 5),
('2020-04-25', '2020', 'Q2', 4, 17, 0, 6),
('2020-04-26', '2020', 'Q2', 4, 17, 0, 7),
('2020-04-27', '2020', 'Q2', 4, 18, 0, 1),
('2020-04-28', '2020', 'Q2', 4, 18, 1, 2),
('2020-04-29', '2020', 'Q2', 4, 18, 1, 3),
('2020-04-30', '2020', 'Q2', 4, 18, 1, 4),
('2020-05-01', '2020', 'Q2', 5, 18, 1, 5),
('2020-05-02', '2020', 'Q2', 5, 18, 0, 6),
('2020-05-03', '2020', 'Q2', 5, 18, 0, 7),
('2020-05-04', '2020', 'Q2', 5, 19, 1, 1),
('2020-05-05', '2020', 'Q2', 5, 19, 1, 2),
('2020-05-06', '2020', 'Q2', 5, 19, 1, 3),
('2020-05-07', '2020', 'Q2', 5, 19, 1, 4),
('2020-05-08', '2020', 'Q2', 5, 19, 1, 5),
('2020-05-09', '2020', 'Q2', 5, 19, 0, 6),
('2020-05-10', '2020', 'Q2', 5, 19, 0, 7),
('2020-05-11', '2020', 'Q2', 5, 20, 1, 1),
('2020-05-12', '2020', 'Q2', 5, 20, 1, 2),
('2020-05-13', '2020', 'Q2', 5, 20, 1, 3),
('2020-05-14', '2020', 'Q2', 5, 20, 1, 4),
('2020-05-15', '2020', 'Q2', 5, 20, 1, 5),
('2020-05-16', '2020', 'Q2', 5, 20, 0, 6),
('2020-05-17', '2020', 'Q2', 5, 20, 0, 7),
('2020-05-18', '2020', 'Q2', 5, 21, 1, 1),
('2020-05-19', '2020', 'Q2', 5, 21, 1, 2),
('2020-05-20', '2020', 'Q2', 5, 21, 1, 3),
('2020-05-21', '2020', 'Q2', 5, 21, 1, 4),
('2020-05-22', '2020', 'Q2', 5, 21, 1, 5),
('2020-05-23', '2020', 'Q2', 5, 21, 0, 6),
('2020-05-24', '2020', 'Q2', 5, 21, 0, 7),
('2020-05-25', '2020', 'Q2', 5, 22, 1, 1),
('2020-05-26', '2020', 'Q2', 5, 22, 1, 2),
('2020-05-27', '2020', 'Q2', 5, 22, 1, 3),
('2020-05-28', '2020', 'Q2', 5, 22, 1, 4),
('2020-05-29', '2020', 'Q2', 5, 22, 1, 5),
('2020-05-30', '2020', 'Q2', 5, 22, 0, 6),
('2020-05-31', '2020', 'Q2', 5, 22, 0, 7),
('2020-06-01', '2020', 'Q2', 6, 23, 0, 1),
('2020-06-02', '2020', 'Q2', 6, 23, 1, 2),
('2020-06-03', '2020', 'Q2', 6, 23, 1, 3),
('2020-06-04', '2020', 'Q2', 6, 23, 1, 4),
('2020-06-05', '2020', 'Q2', 6, 23, 1, 5),
('2020-06-06', '2020', 'Q2', 6, 23, 0, 6),
('2020-06-07', '2020', 'Q2', 6, 23, 0, 7),
('2020-06-08', '2020', 'Q2', 6, 24, 1, 1),
('2020-06-09', '2020', 'Q2', 6, 24, 1, 2),
('2020-06-10', '2020', 'Q2', 6, 24, 1, 3),
('2020-06-11', '2020', 'Q2', 6, 24, 1, 4),
('2020-06-12', '2020', 'Q2', 6, 24, 1, 5),
('2020-06-13', '2020', 'Q2', 6, 24, 0, 6),
('2020-06-14', '2020', 'Q2', 6, 24, 0, 7),
('2020-06-15', '2020', 'Q2', 6, 25, 1, 1),
('2020-06-16', '2020', 'Q2', 6, 25, 1, 2),
('2020-06-17', '2020', 'Q2', 6, 25, 1, 3),
('2020-06-18', '2020', 'Q2', 6, 25, 1, 4),
('2020-06-19', '2020', 'Q2', 6, 25, 1, 5),
('2020-06-20', '2020', 'Q2', 6, 25, 0, 6),
('2020-06-21', '2020', 'Q2', 6, 25, 0, 7),
('2020-06-22', '2020', 'Q2', 6, 26, 1, 1),
('2020-06-23', '2020', 'Q2', 6, 26, 1, 2),
('2020-06-24', '2020', 'Q2', 6, 26, 1, 3),
('2020-06-25', '2020', 'Q2', 6, 26, 1, 4),
('2020-06-26', '2020', 'Q2', 6, 26, 1, 5),
('2020-06-27', '2020', 'Q2', 6, 26, 0, 6),
('2020-06-28', '2020', 'Q2', 6, 26, 0, 7),
('2020-06-29', '2020', 'Q2', 6, 27, 1, 1),
('2020-06-30', '2020', 'Q2', 6, 27, 1, 2),
('2020-07-01', '2020', 'Q3', 7, 27, 1, 3),
('2020-07-02', '2020', 'Q3', 7, 27, 1, 4),
('2020-07-03', '2020', 'Q3', 7, 27, 1, 5),
('2020-07-04', '2020', 'Q3', 7, 27, 0, 6),
('2020-07-05', '2020', 'Q3', 7, 27, 0, 7),
('2020-07-06', '2020', 'Q3', 7, 28, 1, 1),
('2020-07-07', '2020', 'Q3', 7, 28, 1, 2),
('2020-07-08', '2020', 'Q3', 7, 28, 1, 3),
('2020-07-09', '2020', 'Q3', 7, 28, 1, 4),
('2020-07-10', '2020', 'Q3', 7, 28, 1, 5),
('2020-07-11', '2020', 'Q3', 7, 28, 0, 6),
('2020-07-12', '2020', 'Q3', 7, 28, 0, 7),
('2020-07-13', '2020', 'Q3', 7, 29, 1, 1),
('2020-07-14', '2020', 'Q3', 7, 29, 1, 2),
('2020-07-15', '2020', 'Q3', 7, 29, 1, 3),
('2020-07-16', '2020', 'Q3', 7, 29, 1, 4),
('2020-07-17', '2020', 'Q3', 7, 29, 1, 5),
('2020-07-18', '2020', 'Q3', 7, 29, 0, 6),
('2020-07-19', '2020', 'Q3', 7, 29, 0, 7),
('2020-07-20', '2020', 'Q3', 7, 30, 1, 1),
('2020-07-21', '2020', 'Q3', 7, 30, 1, 2),
('2020-07-22', '2020', 'Q3', 7, 30, 1, 3),
('2020-07-23', '2020', 'Q3', 7, 30, 1, 4),
('2020-07-24', '2020', 'Q3', 7, 30, 1, 5),
('2020-07-25', '2020', 'Q3', 7, 30, 0, 6),
('2020-07-26', '2020', 'Q3', 7, 30, 0, 7),
('2020-07-27', '2020', 'Q3', 7, 31, 1, 1),
('2020-07-28', '2020', 'Q3', 7, 31, 1, 2),
('2020-07-29', '2020', 'Q3', 7, 31, 1, 3),
('2020-07-30', '2020', 'Q3', 7, 31, 1, 4),
('2020-07-31', '2020', 'Q3', 7, 31, 1, 5),
('2020-08-01', '2020', 'Q3', 8, 31, 0, 6),
('2020-08-02', '2020', 'Q3', 8, 31, 0, 7),
('2020-08-03', '2020', 'Q3', 8, 32, 1, 1),
('2020-08-04', '2020', 'Q3', 8, 32, 1, 2),
('2020-08-05', '2020', 'Q3', 8, 32, 1, 3),
('2020-08-06', '2020', 'Q3', 8, 32, 1, 4),
('2020-08-07', '2020', 'Q3', 8, 32, 1, 5),
('2020-08-08', '2020', 'Q3', 8, 32, 0, 6),
('2020-08-09', '2020', 'Q3', 8, 32, 0, 7),
('2020-08-10', '2020', 'Q3', 8, 33, 1, 1),
('2020-08-11', '2020', 'Q3', 8, 33, 1, 2),
('2020-08-12', '2020', 'Q3', 8, 33, 1, 3),
('2020-08-13', '2020', 'Q3', 8, 33, 1, 4),
('2020-08-14', '2020', 'Q3', 8, 33, 1, 5),
('2020-08-15', '2020', 'Q3', 8, 33, 0, 6),
('2020-08-16', '2020', 'Q3', 8, 33, 0, 7),
('2020-08-17', '2020', 'Q3', 8, 34, 1, 1),
('2020-08-18', '2020', 'Q3', 8, 34, 1, 2),
('2020-08-19', '2020', 'Q3', 8, 34, 1, 3),
('2020-08-20', '2020', 'Q3', 8, 34, 1, 4),
('2020-08-21', '2020', 'Q3', 8, 34, 1, 5),
('2020-08-22', '2020', 'Q3', 8, 34, 0, 6),
('2020-08-23', '2020', 'Q3', 8, 34, 0, 7),
('2020-08-24', '2020', 'Q3', 8, 35, 1, 1),
('2020-08-25', '2020', 'Q3', 8, 35, 1, 2),
('2020-08-26', '2020', 'Q3', 8, 35, 1, 3),
('2020-08-27', '2020', 'Q3', 8, 35, 1, 4),
('2020-08-28', '2020', 'Q3', 8, 35, 1, 5),
('2020-08-29', '2020', 'Q3', 8, 35, 0, 6),
('2020-08-30', '2020', 'Q3', 8, 35, 0, 7),
('2020-08-31', '2020', 'Q3', 8, 36, 1, 1),
('2020-09-01', '2020', 'Q3', 9, 36, 1, 2),
('2020-09-02', '2020', 'Q3', 9, 36, 1, 3),
('2020-09-03', '2020', 'Q3', 9, 36, 1, 4),
('2020-09-04', '2020', 'Q3', 9, 36, 1, 5),
('2020-09-05', '2020', 'Q3', 9, 36, 0, 6),
('2020-09-06', '2020', 'Q3', 9, 36, 0, 7),
('2020-09-07', '2020', 'Q3', 9, 37, 1, 1),
('2020-09-08', '2020', 'Q3', 9, 37, 1, 2),
('2020-09-09', '2020', 'Q3', 9, 37, 1, 3),
('2020-09-10', '2020', 'Q3', 9, 37, 1, 4),
('2020-09-11', '2020', 'Q3', 9, 37, 1, 5),
('2020-09-12', '2020', 'Q3', 9, 37, 0, 6),
('2020-09-13', '2020', 'Q3', 9, 37, 0, 7),
('2020-09-14', '2020', 'Q3', 9, 38, 1, 1),
('2020-09-15', '2020', 'Q3', 9, 38, 1, 2),
('2020-09-16', '2020', 'Q3', 9, 38, 1, 3),
('2020-09-17', '2020', 'Q3', 9, 38, 1, 4),
('2020-09-18', '2020', 'Q3', 9, 38, 1, 5),
('2020-09-19', '2020', 'Q3', 9, 38, 0, 6),
('2020-09-20', '2020', 'Q3', 9, 38, 0, 7),
('2020-09-21', '2020', 'Q3', 9, 39, 1, 1),
('2020-09-22', '2020', 'Q3', 9, 39, 1, 2),
('2020-09-23', '2020', 'Q3', 9, 39, 1, 3),
('2020-09-24', '2020', 'Q3', 9, 39, 1, 4),
('2020-09-25', '2020', 'Q3', 9, 39, 1, 5),
('2020-09-26', '2020', 'Q3', 9, 39, 0, 6),
('2020-09-27', '2020', 'Q3', 9, 39, 0, 7),
('2020-09-28', '2020', 'Q3', 9, 40, 1, 1),
('2020-09-29', '2020', 'Q3', 9, 40, 1, 2),
('2020-09-30', '2020', 'Q3', 9, 40, 1, 3),
('2020-10-01', '2020', 'Q4', 10, 40, 1, 4),
('2020-10-02', '2020', 'Q4', 10, 40, 1, 5),
('2020-10-03', '2020', 'Q4', 10, 40, 0, 6),
('2020-10-04', '2020', 'Q4', 10, 40, 0, 7),
('2020-10-05', '2020', 'Q4', 10, 41, 1, 1),
('2020-10-06', '2020', 'Q4', 10, 41, 1, 2),
('2020-10-07', '2020', 'Q4', 10, 41, 1, 3),
('2020-10-08', '2020', 'Q4', 10, 41, 1, 4),
('2020-10-09', '2020', 'Q4', 10, 41, 1, 5),
('2020-10-10', '2020', 'Q4', 10, 41, 0, 6),
('2020-10-11', '2020', 'Q4', 10, 41, 0, 7),
('2020-10-12', '2020', 'Q4', 10, 42, 1, 1),
('2020-10-13', '2020', 'Q4', 10, 42, 1, 2),
('2020-10-14', '2020', 'Q4', 10, 42, 1, 3),
('2020-10-15', '2020', 'Q4', 10, 42, 1, 4),
('2020-10-16', '2020', 'Q4', 10, 42, 1, 5),
('2020-10-17', '2020', 'Q4', 10, 42, 0, 6),
('2020-10-18', '2020', 'Q4', 10, 42, 0, 7),
('2020-10-19', '2020', 'Q4', 10, 43, 1, 1),
('2020-10-20', '2020', 'Q4', 10, 43, 1, 2),
('2020-10-21', '2020', 'Q4', 10, 43, 1, 3),
('2020-10-22', '2020', 'Q4', 10, 43, 1, 4),
('2020-10-23', '2020', 'Q4', 10, 43, 1, 5),
('2020-10-24', '2020', 'Q4', 10, 43, 0, 6),
('2020-10-25', '2020', 'Q4', 10, 43, 0, 7),
('2020-10-26', '2020', 'Q4', 10, 44, 0, 1),
('2020-10-27', '2020', 'Q4', 10, 44, 1, 2),
('2020-10-28', '2020', 'Q4', 10, 44, 1, 3),
('2020-10-29', '2020', 'Q4', 10, 44, 1, 4),
('2020-10-30', '2020', 'Q4', 10, 44, 1, 5),
('2020-10-31', '2020', 'Q4', 10, 44, 0, 6),
('2020-11-01', '2020', 'Q4', 11, 44, 0, 7),
('2020-11-02', '2020', 'Q4', 11, 45, 1, 1),
('2020-11-03', '2020', 'Q4', 11, 45, 1, 2),
('2020-11-04', '2020', 'Q4', 11, 45, 1, 3),
('2020-11-05', '2020', 'Q4', 11, 45, 1, 4),
('2020-11-06', '2020', 'Q4', 11, 45, 1, 5),
('2020-11-07', '2020', 'Q4', 11, 45, 0, 6),
('2020-11-08', '2020', 'Q4', 11, 45, 0, 7),
('2020-11-09', '2020', 'Q4', 11, 46, 1, 1),
('2020-11-10', '2020', 'Q4', 11, 46, 1, 2),
('2020-11-11', '2020', 'Q4', 11, 46, 1, 3),
('2020-11-12', '2020', 'Q4', 11, 46, 1, 4),
('2020-11-13', '2020', 'Q4', 11, 46, 1, 5),
('2020-11-14', '2020', 'Q4', 11, 46, 0, 6),
('2020-11-15', '2020', 'Q4', 11, 46, 0, 7),
('2020-11-16', '2020', 'Q4', 11, 47, 1, 1),
('2020-11-17', '2020', 'Q4', 11, 47, 1, 2),
('2020-11-18', '2020', 'Q4', 11, 47, 1, 3),
('2020-11-19', '2020', 'Q4', 11, 47, 1, 4),
('2020-11-20', '2020', 'Q4', 11, 47, 1, 5),
('2020-11-21', '2020', 'Q4', 11, 47, 0, 6),
('2020-11-22', '2020', 'Q4', 11, 47, 0, 7),
('2020-11-23', '2020', 'Q4', 11, 48, 1, 1),
('2020-11-24', '2020', 'Q4', 11, 48, 1, 2),
('2020-11-25', '2020', 'Q4', 11, 48, 1, 3),
('2020-11-26', '2020', 'Q4', 11, 48, 1, 4),
('2020-11-27', '2020', 'Q4', 11, 48, 1, 5),
('2020-11-28', '2020', 'Q4', 11, 48, 0, 6),
('2020-11-29', '2020', 'Q4', 11, 48, 0, 7),
('2020-11-30', '2020', 'Q4', 11, 49, 1, 1),
('2020-12-01', '2020', 'Q4', 12, 49, 1, 2),
('2020-12-02', '2020', 'Q4', 12, 49, 1, 3),
('2020-12-03', '2020', 'Q4', 12, 49, 1, 4),
('2020-12-04', '2020', 'Q4', 12, 49, 1, 5),
('2020-12-05', '2020', 'Q4', 12, 49, 0, 6),
('2020-12-06', '2020', 'Q4', 12, 49, 0, 7),
('2020-12-07', '2020', 'Q4', 12, 50, 1, 1),
('2020-12-08', '2020', 'Q4', 12, 50, 1, 2),
('2020-12-09', '2020', 'Q4', 12, 50, 1, 3),
('2020-12-10', '2020', 'Q4', 12, 50, 1, 4),
('2020-12-11', '2020', 'Q4', 12, 50, 1, 5),
('2020-12-12', '2020', 'Q4', 12, 50, 0, 6),
('2020-12-13', '2020', 'Q4', 12, 50, 0, 7),
('2020-12-14', '2020', 'Q4', 12, 51, 1, 1),
('2020-12-15', '2020', 'Q4', 12, 51, 1, 2),
('2020-12-16', '2020', 'Q4', 12, 51, 1, 3),
('2020-12-17', '2020', 'Q4', 12, 51, 1, 4),
('2020-12-18', '2020', 'Q4', 12, 51, 1, 5),
('2020-12-19', '2020', 'Q4', 12, 51, 0, 6),
('2020-12-20', '2020', 'Q4', 12, 51, 0, 7),
('2020-12-21', '2020', 'Q4', 12, 52, 1, 1),
('2020-12-22', '2020', 'Q4', 12, 52, 1, 2),
('2020-12-23', '2020', 'Q4', 12, 52, 1, 3),
('2020-12-24', '2020', 'Q4', 12, 52, 1, 4),
('2020-12-25', '2020', 'Q4', 12, 52, 0, 5),
('2020-12-26', '2020', 'Q4', 12, 52, 0, 6),
('2020-12-27', '2020', 'Q4', 12, 52, 0, 7),
('2020-12-28', '2020', 'Q4', 12, 53, 0, 1),
('2020-12-29', '2020', 'Q4', 12, 53, 1, 2),
('2020-12-30', '2020', 'Q4', 12, 53, 1, 3),
('2020-12-31', '2020', 'Q4', 12, 53, 1, 4),
('2021-01-01', '2021', 'Q1', 1, 53, 0, 5),
('2021-01-02', '2021', 'Q1', 1, 53, 0, 6),
('2021-01-03', '2021', 'Q1', 1, 53, 0, 7),
('2021-01-04', '2021', 'Q1', 1, 01, 0, 1),
('2021-01-05', '2021', 'Q1', 1, 01, 1, 2),
('2021-01-06', '2021', 'Q1', 1, 01, 1, 3),
('2021-01-07', '2021', 'Q1', 1, 01, 1, 4),
('2021-01-08', '2021', 'Q1', 1, 01, 1, 5),
('2021-01-09', '2021', 'Q1', 1, 01, 0, 6),
('2021-01-10', '2021', 'Q1', 1, 01, 0, 7),
('2021-01-11', '2021', 'Q1', 1, 02, 1, 1),
('2021-01-12', '2021', 'Q1', 1, 02, 1, 2),
('2021-01-13', '2021', 'Q1', 1, 02, 1, 3),
('2021-01-14', '2021', 'Q1', 1, 02, 1, 4),
('2021-01-15', '2021', 'Q1', 1, 02, 1, 5),
('2021-01-16', '2021', 'Q1', 1, 02, 0, 6),
('2021-01-17', '2021', 'Q1', 1, 02, 0, 7),
('2021-01-18', '2021', 'Q1', 1, 03, 1, 1),
('2021-01-19', '2021', 'Q1', 1, 03, 1, 2),
('2021-01-20', '2021', 'Q1', 1, 03, 1, 3),
('2021-01-21', '2021', 'Q1', 1, 03, 1, 4),
('2021-01-22', '2021', 'Q1', 1, 03, 1, 5),
('2021-01-23', '2021', 'Q1', 1, 03, 0, 6),
('2021-01-24', '2021', 'Q1', 1, 03, 0, 7),
('2021-01-25', '2021', 'Q1', 1, 04, 1, 1),
('2021-01-26', '2021', 'Q1', 1, 04, 1, 2),
('2021-01-27', '2021', 'Q1', 1, 04, 1, 3),
('2021-01-28', '2021', 'Q1', 1, 04, 1, 4),
('2021-01-29', '2021', 'Q1', 1, 04, 1, 5),
('2021-01-30', '2021', 'Q1', 1, 04, 0, 6),
('2021-01-31', '2021', 'Q1', 1, 04, 0, 7),
('2021-02-01', '2021', 'Q1', 2, 05, 1, 1),
('2021-02-02', '2021', 'Q1', 2, 05, 1, 2),
('2021-02-03', '2021', 'Q1', 2, 05, 1, 3),
('2021-02-04', '2021', 'Q1', 2, 05, 1, 4),
('2021-02-05', '2021', 'Q1', 2, 05, 1, 5),
('2021-02-06', '2021', 'Q1', 2, 05, 0, 6),
('2021-02-07', '2021', 'Q1', 2, 05, 0, 7),
('2021-02-08', '2021', 'Q1', 2, 06, 0, 1),
('2021-02-09', '2021', 'Q1', 2, 06, 1, 2),
('2021-02-10', '2021', 'Q1', 2, 06, 1, 3),
('2021-02-11', '2021', 'Q1', 2, 06, 1, 4),
('2021-02-12', '2021', 'Q1', 2, 06, 1, 5),
('2021-02-13', '2021', 'Q1', 2, 06, 0, 6),
('2021-02-14', '2021', 'Q1', 2, 06, 0, 7),
('2021-02-15', '2021', 'Q1', 2, 07, 1, 1),
('2021-02-16', '2021', 'Q1', 2, 07, 1, 2),
('2021-02-17', '2021', 'Q1', 2, 07, 1, 3),
('2021-02-18', '2021', 'Q1', 2, 07, 1, 4),
('2021-02-19', '2021', 'Q1', 2, 07, 1, 5),
('2021-02-20', '2021', 'Q1', 2, 07, 0, 6),
('2021-02-21', '2021', 'Q1', 2, 07, 0, 7),
('2021-02-22', '2021', 'Q1', 2, 08, 1, 1),
('2021-02-23', '2021', 'Q1', 2, 08, 1, 2),
('2021-02-24', '2021', 'Q1', 2, 08, 1, 3),
('2021-02-25', '2021', 'Q1', 2, 08, 1, 4),
('2021-02-26', '2021', 'Q1', 2, 08, 1, 5),
('2021-02-27', '2021', 'Q1', 2, 08, 0, 6),
('2021-02-28', '2021', 'Q1', 2, 08, 0, 7),
('2021-03-01', '2021', 'Q1', 3, 09, 1, 1),
('2021-03-02', '2021', 'Q1', 3, 09, 1, 2),
('2021-03-03', '2021', 'Q1', 3, 09, 1, 3),
('2021-03-04', '2021', 'Q1', 3, 09, 1, 4),
('2021-03-05', '2021', 'Q1', 3, 09, 1, 5),
('2021-03-06', '2021', 'Q1', 3, 09, 0, 6),
('2021-03-07', '2021', 'Q1', 3, 09, 0, 7),
('2021-03-08', '2021', 'Q1', 3, 10, 1, 1),
('2021-03-09', '2021', 'Q1', 3, 10, 1, 2),
('2021-03-10', '2021', 'Q1', 3, 10, 1, 3),
('2021-03-11', '2021', 'Q1', 3, 10, 1, 4),
('2021-03-12', '2021', 'Q1', 3, 10, 1, 5),
('2021-03-13', '2021', 'Q1', 3, 10, 0, 6),
('2021-03-14', '2021', 'Q1', 3, 10, 0, 7),
('2021-03-15', '2021', 'Q1', 3, 11, 1, 1),
('2021-03-16', '2021', 'Q1', 3, 11, 1, 2),
('2021-03-17', '2021', 'Q1', 3, 11, 1, 3),
('2021-03-18', '2021', 'Q1', 3, 11, 1, 4),
('2021-03-19', '2021', 'Q1', 3, 11, 1, 5),
('2021-03-20', '2021', 'Q1', 3, 11, 0, 6),
('2021-03-21', '2021', 'Q1', 3, 11, 0, 7),
('2021-03-22', '2021', 'Q1', 3, 12, 1, 1),
('2021-03-23', '2021', 'Q1', 3, 12, 1, 2),
('2021-03-24', '2021', 'Q1', 3, 12, 1, 3),
('2021-03-25', '2021', 'Q1', 3, 12, 1, 4),
('2021-03-26', '2021', 'Q1', 3, 12, 1, 5),
('2021-03-27', '2021', 'Q1', 3, 12, 0, 6),
('2021-03-28', '2021', 'Q1', 3, 12, 0, 7),
('2021-03-29', '2021', 'Q1', 3, 13, 1, 1),
('2021-03-30', '2021', 'Q1', 3, 13, 1, 2),
('2021-03-31', '2021', 'Q1', 3, 13, 1, 3),
('2021-04-01', '2021', 'Q2', 4, 13, 1, 4),
('2021-04-02', '2021', 'Q2', 4, 13, 0, 5),
('2021-04-03', '2021', 'Q2', 4, 13, 0, 6),
('2021-04-04', '2021', 'Q2', 4, 13, 0, 7),
('2021-04-05', '2021', 'Q2', 4, 14, 0, 1),
('2021-04-06', '2021', 'Q2', 4, 14, 1, 2),
('2021-04-07', '2021', 'Q2', 4, 14, 1, 3),
('2021-04-08', '2021', 'Q2', 4, 14, 1, 4),
('2021-04-09', '2021', 'Q2', 4, 14, 1, 5),
('2021-04-10', '2021', 'Q2', 4, 14, 0, 6),
('2021-04-11', '2021', 'Q2', 4, 14, 0, 7),
('2021-04-12', '2021', 'Q2', 4, 15, 1, 1),
('2021-04-13', '2021', 'Q2', 4, 15, 1, 2),
('2021-04-14', '2021', 'Q2', 4, 15, 1, 3),
('2021-04-15', '2021', 'Q2', 4, 15, 1, 4),
('2021-04-16', '2021', 'Q2', 4, 15, 1, 5),
('2021-04-17', '2021', 'Q2', 4, 15, 0, 6),
('2021-04-18', '2021', 'Q2', 4, 15, 0, 7),
('2021-04-19', '2021', 'Q2', 4, 16, 1, 1),
('2021-04-20', '2021', 'Q2', 4, 16, 1, 2),
('2021-04-21', '2021', 'Q2', 4, 16, 1, 3),
('2021-04-22', '2021', 'Q2', 4, 16, 1, 4),
('2021-04-23', '2021', 'Q2', 4, 16, 1, 5),
('2021-04-24', '2021', 'Q2', 4, 16, 0, 6),
('2021-04-25', '2021', 'Q2', 4, 16, 0, 7),
('2021-04-26', '2021', 'Q2', 4, 17, 0, 1),
('2021-04-27', '2021', 'Q2', 4, 17, 1, 2),
('2021-04-28', '2021', 'Q2', 4, 17, 1, 3),
('2021-04-29', '2021', 'Q2', 4, 17, 1, 4),
('2021-04-30', '2021', 'Q2', 4, 17, 1, 5),
('2021-05-01', '2021', 'Q2', 5, 17, 0, 6),
('2021-05-02', '2021', 'Q2', 5, 17, 0, 7),
('2021-05-03', '2021', 'Q2', 5, 18, 1, 1),
('2021-05-04', '2021', 'Q2', 5, 18, 1, 2),
('2021-05-05', '2021', 'Q2', 5, 18, 1, 3),
('2021-05-06', '2021', 'Q2', 5, 18, 1, 4),
('2021-05-07', '2021', 'Q2', 5, 18, 1, 5),
('2021-05-08', '2021', 'Q2', 5, 18, 0, 6),
('2021-05-09', '2021', 'Q2', 5, 18, 0, 7),
('2021-05-10', '2021', 'Q2', 5, 19, 1, 1),
('2021-05-11', '2021', 'Q2', 5, 19, 1, 2),
('2021-05-12', '2021', 'Q2', 5, 19, 1, 3),
('2021-05-13', '2021', 'Q2', 5, 19, 1, 4),
('2021-05-14', '2021', 'Q2', 5, 19, 1, 5),
('2021-05-15', '2021', 'Q2', 5, 19, 0, 6),
('2021-05-16', '2021', 'Q2', 5, 19, 0, 7),
('2021-05-17', '2021', 'Q2', 5, 20, 1, 1),
('2021-05-18', '2021', 'Q2', 5, 20, 1, 2),
('2021-05-19', '2021', 'Q2', 5, 20, 1, 3),
('2021-05-20', '2021', 'Q2', 5, 20, 1, 4),
('2021-05-21', '2021', 'Q2', 5, 20, 1, 5),
('2021-05-22', '2021', 'Q2', 5, 20, 0, 6),
('2021-05-23', '2021', 'Q2', 5, 20, 0, 7),
('2021-05-24', '2021', 'Q2', 5, 21, 1, 1),
('2021-05-25', '2021', 'Q2', 5, 21, 1, 2),
('2021-05-26', '2021', 'Q2', 5, 21, 1, 3),
('2021-05-27', '2021', 'Q2', 5, 21, 1, 4),
('2021-05-28', '2021', 'Q2', 5, 21, 1, 5),
('2021-05-29', '2021', 'Q2', 5, 21, 0, 6),
('2021-05-30', '2021', 'Q2', 5, 21, 0, 7),
('2021-05-31', '2021', 'Q2', 5, 22, 1, 1),
('2021-06-01', '2021', 'Q2', 6, 22, 1, 2),
('2021-06-02', '2021', 'Q2', 6, 22, 1, 3),
('2021-06-03', '2021', 'Q2', 6, 22, 1, 4),
('2021-06-04', '2021', 'Q2', 6, 22, 1, 5),
('2021-06-05', '2021', 'Q2', 6, 22, 0, 6),
('2021-06-06', '2021', 'Q2', 6, 22, 0, 7),
('2021-06-07', '2021', 'Q2', 6, 23, 0, 1),
('2021-06-08', '2021', 'Q2', 6, 23, 1, 2),
('2021-06-09', '2021', 'Q2', 6, 23, 1, 3),
('2021-06-10', '2021', 'Q2', 6, 23, 1, 4),
('2021-06-11', '2021', 'Q2', 6, 23, 1, 5),
('2021-06-12', '2021', 'Q2', 6, 23, 0, 6),
('2021-06-13', '2021', 'Q2', 6, 23, 0, 7),
('2021-06-14', '2021', 'Q2', 6, 24, 1, 1),
('2021-06-15', '2021', 'Q2', 6, 24, 1, 2),
('2021-06-16', '2021', 'Q2', 6, 24, 1, 3),
('2021-06-17', '2021', 'Q2', 6, 24, 1, 4),
('2021-06-18', '2021', 'Q2', 6, 24, 1, 5),
('2021-06-19', '2021', 'Q2', 6, 24, 0, 6),
('2021-06-20', '2021', 'Q2', 6, 24, 0, 7),
('2021-06-21', '2021', 'Q2', 6, 25, 1, 1),
('2021-06-22', '2021', 'Q2', 6, 25, 1, 2),
('2021-06-23', '2021', 'Q2', 6, 25, 1, 3),
('2021-06-24', '2021', 'Q2', 6, 25, 1, 4),
('2021-06-25', '2021', 'Q2', 6, 25, 1, 5),
('2021-06-26', '2021', 'Q2', 6, 25, 0, 6),
('2021-06-27', '2021', 'Q2', 6, 25, 0, 7),
('2021-06-28', '2021', 'Q2', 6, 26, 1, 1),
('2021-06-29', '2021', 'Q2', 6, 26, 1, 2),
('2021-06-30', '2021', 'Q2', 6, 26, 1, 3),
('2021-07-01', '2021', 'Q3', 7, 26, 1, 4),
('2021-07-02', '2021', 'Q3', 7, 26, 1, 5),
('2021-07-03', '2021', 'Q3', 7, 26, 0, 6),
('2021-07-04', '2021', 'Q3', 7, 26, 0, 7),
('2021-07-05', '2021', 'Q3', 7, 27, 1, 1),
('2021-07-06', '2021', 'Q3', 7, 27, 1, 2),
('2021-07-07', '2021', 'Q3', 7, 27, 1, 3),
('2021-07-08', '2021', 'Q3', 7, 27, 1, 4),
('2021-07-09', '2021', 'Q3', 7, 27, 1, 5),
('2021-07-10', '2021', 'Q3', 7, 27, 0, 6),
('2021-07-11', '2021', 'Q3', 7, 27, 0, 7),
('2021-07-12', '2021', 'Q3', 7, 28, 1, 1),
('2021-07-13', '2021', 'Q3', 7, 28, 1, 2),
('2021-07-14', '2021', 'Q3', 7, 28, 1, 3),
('2021-07-15', '2021', 'Q3', 7, 28, 1, 4),
('2021-07-16', '2021', 'Q3', 7, 28, 1, 5),
('2021-07-17', '2021', 'Q3', 7, 28, 0, 6),
('2021-07-18', '2021', 'Q3', 7, 28, 0, 7),
('2021-07-19', '2021', 'Q3', 7, 29, 1, 1),
('2021-07-20', '2021', 'Q3', 7, 29, 1, 2),
('2021-07-21', '2021', 'Q3', 7, 29, 1, 3),
('2021-07-22', '2021', 'Q3', 7, 29, 1, 4),
('2021-07-23', '2021', 'Q3', 7, 29, 1, 5),
('2021-07-24', '2021', 'Q3', 7, 29, 0, 6),
('2021-07-25', '2021', 'Q3', 7, 29, 0, 7),
('2021-07-26', '2021', 'Q3', 7, 30, 1, 1),
('2021-07-27', '2021', 'Q3', 7, 30, 1, 2),
('2021-07-28', '2021', 'Q3', 7, 30, 1, 3),
('2021-07-29', '2021', 'Q3', 7, 30, 1, 4),
('2021-07-30', '2021', 'Q3', 7, 30, 1, 5),
('2021-07-31', '2021', 'Q3', 7, 30, 0, 6),
('2021-08-01', '2021', 'Q3', 8, 30, 0, 7),
('2021-08-02', '2021', 'Q3', 8, 31, 1, 1),
('2021-08-03', '2021', 'Q3', 8, 31, 1, 2),
('2021-08-04', '2021', 'Q3', 8, 31, 1, 3),
('2021-08-05', '2021', 'Q3', 8, 31, 1, 4),
('2021-08-06', '2021', 'Q3', 8, 31, 1, 5),
('2021-08-07', '2021', 'Q3', 8, 31, 0, 6),
('2021-08-08', '2021', 'Q3', 8, 31, 0, 7),
('2021-08-09', '2021', 'Q3', 8, 32, 1, 1),
('2021-08-10', '2021', 'Q3', 8, 32, 1, 2),
('2021-08-11', '2021', 'Q3', 8, 32, 1, 3),
('2021-08-12', '2021', 'Q3', 8, 32, 1, 4),
('2021-08-13', '2021', 'Q3', 8, 32, 1, 5),
('2021-08-14', '2021', 'Q3', 8, 32, 0, 6),
('2021-08-15', '2021', 'Q3', 8, 32, 0, 7),
('2021-08-16', '2021', 'Q3', 8, 33, 1, 1),
('2021-08-17', '2021', 'Q3', 8, 33, 1, 2),
('2021-08-18', '2021', 'Q3', 8, 33, 1, 3),
('2021-08-19', '2021', 'Q3', 8, 33, 1, 4),
('2021-08-20', '2021', 'Q3', 8, 33, 1, 5),
('2021-08-21', '2021', 'Q3', 8, 33, 0, 6),
('2021-08-22', '2021', 'Q3', 8, 33, 0, 7),
('2021-08-23', '2021', 'Q3', 8, 34, 1, 1),
('2021-08-24', '2021', 'Q3', 8, 34, 1, 2),
('2021-08-25', '2021', 'Q3', 8, 34, 1, 3),
('2021-08-26', '2021', 'Q3', 8, 34, 1, 4),
('2021-08-27', '2021', 'Q3', 8, 34, 1, 5),
('2021-08-28', '2021', 'Q3', 8, 34, 0, 6),
('2021-08-29', '2021', 'Q3', 8, 34, 0, 7),
('2021-08-30', '2021', 'Q3', 8, 35, 1, 1),
('2021-08-31', '2021', 'Q3', 8, 35, 1, 2),
('2021-09-01', '2021', 'Q3', 9, 35, 1, 3),
('2021-09-02', '2021', 'Q3', 9, 35, 1, 4),
('2021-09-03', '2021', 'Q3', 9, 35, 1, 5),
('2021-09-04', '2021', 'Q3', 9, 35, 0, 6),
('2021-09-05', '2021', 'Q3', 9, 35, 0, 7),
('2021-09-06', '2021', 'Q3', 9, 36, 1, 1),
('2021-09-07', '2021', 'Q3', 9, 36, 1, 2),
('2021-09-08', '2021', 'Q3', 9, 36, 1, 3),
('2021-09-09', '2021', 'Q3', 9, 36, 1, 4),
('2021-09-10', '2021', 'Q3', 9, 36, 1, 5),
('2021-09-11', '2021', 'Q3', 9, 36, 0, 6),
('2021-09-12', '2021', 'Q3', 9, 36, 0, 7),
('2021-09-13', '2021', 'Q3', 9, 37, 1, 1),
('2021-09-14', '2021', 'Q3', 9, 37, 1, 2),
('2021-09-15', '2021', 'Q3', 9, 37, 1, 3),
('2021-09-16', '2021', 'Q3', 9, 37, 1, 4),
('2021-09-17', '2021', 'Q3', 9, 37, 1, 5),
('2021-09-18', '2021', 'Q3', 9, 37, 0, 6),
('2021-09-19', '2021', 'Q3', 9, 37, 0, 7),
('2021-09-20', '2021', 'Q3', 9, 38, 1, 1),
('2021-09-21', '2021', 'Q3', 9, 38, 1, 2),
('2021-09-22', '2021', 'Q3', 9, 38, 1, 3),
('2021-09-23', '2021', 'Q3', 9, 38, 1, 4),
('2021-09-24', '2021', 'Q3', 9, 38, 1, 5),
('2021-09-25', '2021', 'Q3', 9, 38, 0, 6),
('2021-09-26', '2021', 'Q3', 9, 38, 0, 7),
('2021-09-27', '2021', 'Q3', 9, 39, 1, 1),
('2021-09-28', '2021', 'Q3', 9, 39, 1, 2),
('2021-09-29', '2021', 'Q3', 9, 39, 1, 3),
('2021-09-30', '2021', 'Q3', 9, 39, 1, 4),
('2021-10-01', '2021', 'Q4', 10, 39, 1, 5),
('2021-10-02', '2021', 'Q4', 10, 39, 0, 6),
('2021-10-03', '2021', 'Q4', 10, 39, 0, 7),
('2021-10-04', '2021', 'Q4', 10, 40, 1, 1),
('2021-10-05', '2021', 'Q4', 10, 40, 1, 2),
('2021-10-06', '2021', 'Q4', 10, 40, 1, 3),
('2021-10-07', '2021', 'Q4', 10, 40, 1, 4),
('2021-10-08', '2021', 'Q4', 10, 40, 1, 5),
('2021-10-09', '2021', 'Q4', 10, 40, 0, 6),
('2021-10-10', '2021', 'Q4', 10, 40, 0, 7),
('2021-10-11', '2021', 'Q4', 10, 41, 1, 1),
('2021-10-12', '2021', 'Q4', 10, 41, 1, 2),
('2021-10-13', '2021', 'Q4', 10, 41, 1, 3),
('2021-10-14', '2021', 'Q4', 10, 41, 1, 4),
('2021-10-15', '2021', 'Q4', 10, 41, 1, 5),
('2021-10-16', '2021', 'Q4', 10, 41, 0, 6),
('2021-10-17', '2021', 'Q4', 10, 41, 0, 7),
('2021-10-18', '2021', 'Q4', 10, 42, 1, 1),
('2021-10-19', '2021', 'Q4', 10, 42, 1, 2),
('2021-10-20', '2021', 'Q4', 10, 42, 1, 3),
('2021-10-21', '2021', 'Q4', 10, 42, 1, 4),
('2021-10-22', '2021', 'Q4', 10, 42, 1, 5),
('2021-10-23', '2021', 'Q4', 10, 42, 0, 6),
('2021-10-24', '2021', 'Q4', 10, 42, 0, 7),
('2021-10-25', '2021', 'Q4', 10, 43, 0, 1),
('2021-10-26', '2021', 'Q4', 10, 43, 1, 2),
('2021-10-27', '2021', 'Q4', 10, 43, 1, 3),
('2021-10-28', '2021', 'Q4', 10, 43, 1, 4),
('2021-10-29', '2021', 'Q4', 10, 43, 1, 5),
('2021-10-30', '2021', 'Q4', 10, 43, 0, 6),
('2021-10-31', '2021', 'Q4', 10, 43, 0, 7),
('2021-11-01', '2021', 'Q4', 11, 44, 1, 1),
('2021-11-02', '2021', 'Q4', 11, 44, 1, 2),
('2021-11-03', '2021', 'Q4', 11, 44, 1, 3),
('2021-11-04', '2021', 'Q4', 11, 44, 1, 4),
('2021-11-05', '2021', 'Q4', 11, 44, 1, 5),
('2021-11-06', '2021', 'Q4', 11, 44, 0, 6),
('2021-11-07', '2021', 'Q4', 11, 44, 0, 7),
('2021-11-08', '2021', 'Q4', 11, 45, 1, 1),
('2021-11-09', '2021', 'Q4', 11, 45, 1, 2),
('2021-11-10', '2021', 'Q4', 11, 45, 1, 3),
('2021-11-11', '2021', 'Q4', 11, 45, 1, 4),
('2021-11-12', '2021', 'Q4', 11, 45, 1, 5),
('2021-11-13', '2021', 'Q4', 11, 45, 0, 6),
('2021-11-14', '2021', 'Q4', 11, 45, 0, 7),
('2021-11-15', '2021', 'Q4', 11, 46, 1, 1),
('2021-11-16', '2021', 'Q4', 11, 46, 1, 2),
('2021-11-17', '2021', 'Q4', 11, 46, 1, 3),
('2021-11-18', '2021', 'Q4', 11, 46, 1, 4),
('2021-11-19', '2021', 'Q4', 11, 46, 1, 5),
('2021-11-20', '2021', 'Q4', 11, 46, 0, 6),
('2021-11-21', '2021', 'Q4', 11, 46, 0, 7),
('2021-11-22', '2021', 'Q4', 11, 47, 1, 1),
('2021-11-23', '2021', 'Q4', 11, 47, 1, 2),
('2021-11-24', '2021', 'Q4', 11, 47, 1, 3),
('2021-11-25', '2021', 'Q4', 11, 47, 1, 4),
('2021-11-26', '2021', 'Q4', 11, 47, 1, 5),
('2021-11-27', '2021', 'Q4', 11, 47, 0, 6),
('2021-11-28', '2021', 'Q4', 11, 47, 0, 7),
('2021-11-29', '2021', 'Q4', 11, 48, 1, 1),
('2021-11-30', '2021', 'Q4', 11, 48, 1, 2),
('2021-12-01', '2021', 'Q4', 12, 48, 1, 3),
('2021-12-02', '2021', 'Q4', 12, 48, 1, 4),
('2021-12-03', '2021', 'Q4', 12, 48, 1, 5),
('2021-12-04', '2021', 'Q4', 12, 48, 0, 6),
('2021-12-05', '2021', 'Q4', 12, 48, 0, 7),
('2021-12-06', '2021', 'Q4', 12, 49, 1, 1),
('2021-12-07', '2021', 'Q4', 12, 49, 1, 2),
('2021-12-08', '2021', 'Q4', 12, 49, 1, 3),
('2021-12-09', '2021', 'Q4', 12, 49, 1, 4),
('2021-12-10', '2021', 'Q4', 12, 49, 1, 5),
('2021-12-11', '2021', 'Q4', 12, 49, 0, 6),
('2021-12-12', '2021', 'Q4', 12, 49, 0, 7),
('2021-12-13', '2021', 'Q4', 12, 50, 1, 1),
('2021-12-14', '2021', 'Q4', 12, 50, 1, 2),
('2021-12-15', '2021', 'Q4', 12, 50, 1, 3),
('2021-12-16', '2021', 'Q4', 12, 50, 1, 4),
('2021-12-17', '2021', 'Q4', 12, 50, 1, 5),
('2021-12-18', '2021', 'Q4', 12, 50, 0, 6),
('2021-12-19', '2021', 'Q4', 12, 50, 0, 7),
('2021-12-20', '2021', 'Q4', 12, 51, 1, 1),
('2021-12-21', '2021', 'Q4', 12, 51, 1, 2),
('2021-12-22', '2021', 'Q4', 12, 51, 1, 3),
('2021-12-23', '2021', 'Q4', 12, 51, 1, 4),
('2021-12-24', '2021', 'Q4', 12, 51, 1, 5),
('2021-12-25', '2021', 'Q4', 12, 51, 0, 6),
('2021-12-26', '2021', 'Q4', 12, 51, 0, 7),
('2021-12-27', '2021', 'Q4', 12, 52, 0, 1),
('2021-12-28', '2021', 'Q4', 12, 52, 0, 2),
('2021-12-29', '2021', 'Q4', 12, 52, 1, 3),
('2021-12-30', '2021', 'Q4', 12, 52, 1, 4),
('2021-12-31', '2021', 'Q4', 12, 52, 1, 5),
('2022-01-01', '2022', 'Q1', 1, 52, 0, 6),
('2022-01-02', '2022', 'Q1', 1, 52, 0, 7),
('2022-01-03', '2022', 'Q1', 1, 01, 0, 1),
('2022-01-04', '2022', 'Q1', 1, 01, 0, 2),
('2022-01-05', '2022', 'Q1', 1, 01, 1, 3),
('2022-01-06', '2022', 'Q1', 1, 01, 1, 4),
('2022-01-07', '2022', 'Q1', 1, 01, 1, 5),
('2022-01-08', '2022', 'Q1', 1, 01, 0, 6),
('2022-01-09', '2022', 'Q1', 1, 01, 0, 7),
('2022-01-10', '2022', 'Q1', 1, 02, 1, 1),
('2022-01-11', '2022', 'Q1', 1, 02, 1, 2),
('2022-01-12', '2022', 'Q1', 1, 02, 1, 3),
('2022-01-13', '2022', 'Q1', 1, 02, 1, 4),
('2022-01-14', '2022', 'Q1', 1, 02, 1, 5),
('2022-01-15', '2022', 'Q1', 1, 02, 0, 6),
('2022-01-16', '2022', 'Q1', 1, 02, 0, 7),
('2022-01-17', '2022', 'Q1', 1, 03, 1, 1),
('2022-01-18', '2022', 'Q1', 1, 03, 1, 2),
('2022-01-19', '2022', 'Q1', 1, 03, 1, 3),
('2022-01-20', '2022', 'Q1', 1, 03, 1, 4),
('2022-01-21', '2022', 'Q1', 1, 03, 1, 5),
('2022-01-22', '2022', 'Q1', 1, 03, 0, 6),
('2022-01-23', '2022', 'Q1', 1, 03, 0, 7),
('2022-01-24', '2022', 'Q1', 1, 04, 1, 1),
('2022-01-25', '2022', 'Q1', 1, 04, 1, 2),
('2022-01-26', '2022', 'Q1', 1, 04, 1, 3),
('2022-01-27', '2022', 'Q1', 1, 04, 1, 4),
('2022-01-28', '2022', 'Q1', 1, 04, 1, 5),
('2022-01-29', '2022', 'Q1', 1, 04, 0, 6),
('2022-01-30', '2022', 'Q1', 1, 04, 0, 7),
('2022-01-31', '2022', 'Q1', 1, 05, 1, 1),
('2022-02-01', '2022', 'Q1', 2, 05, 1, 2),
('2022-02-02', '2022', 'Q1', 2, 05, 1, 3),
('2022-02-03', '2022', 'Q1', 2, 05, 1, 4),
('2022-02-04', '2022', 'Q1', 2, 05, 1, 5),
('2022-02-05', '2022', 'Q1', 2, 05, 0, 6),
('2022-02-06', '2022', 'Q1', 2, 05, 0, 7),
('2022-02-07', '2022', 'Q1', 2, 06, 0, 1),
('2022-02-08', '2022', 'Q1', 2, 06, 1, 2),
('2022-02-09', '2022', 'Q1', 2, 06, 1, 3),
('2022-02-10', '2022', 'Q1', 2, 06, 1, 4),
('2022-02-11', '2022', 'Q1', 2, 06, 1, 5),
('2022-02-12', '2022', 'Q1', 2, 06, 0, 6),
('2022-02-13', '2022', 'Q1', 2, 06, 0, 7),
('2022-02-14', '2022', 'Q1', 2, 07, 1, 1),
('2022-02-15', '2022', 'Q1', 2, 07, 1, 2),
('2022-02-16', '2022', 'Q1', 2, 07, 1, 3),
('2022-02-17', '2022', 'Q1', 2, 07, 1, 4),
('2022-02-18', '2022', 'Q1', 2, 07, 1, 5),
('2022-02-19', '2022', 'Q1', 2, 07, 0, 6),
('2022-02-20', '2022', 'Q1', 2, 07, 0, 7),
('2022-02-21', '2022', 'Q1', 2, 08, 1, 1),
('2022-02-22', '2022', 'Q1', 2, 08, 1, 2),
('2022-02-23', '2022', 'Q1', 2, 08, 1, 3),
('2022-02-24', '2022', 'Q1', 2, 08, 1, 4),
('2022-02-25', '2022', 'Q1', 2, 08, 1, 5),
('2022-02-26', '2022', 'Q1', 2, 08, 0, 6),
('2022-02-27', '2022', 'Q1', 2, 08, 0, 7),
('2022-02-28', '2022', 'Q1', 2, 09, 1, 1),
('2022-03-01', '2022', 'Q1', 3, 09, 1, 2),
('2022-03-02', '2022', 'Q1', 3, 09, 1, 3),
('2022-03-03', '2022', 'Q1', 3, 09, 1, 4),
('2022-03-04', '2022', 'Q1', 3, 09, 1, 5),
('2022-03-05', '2022', 'Q1', 3, 09, 0, 6),
('2022-03-06', '2022', 'Q1', 3, 09, 0, 7),
('2022-03-07', '2022', 'Q1', 3, 10, 1, 1),
('2022-03-08', '2022', 'Q1', 3, 10, 1, 2),
('2022-03-09', '2022', 'Q1', 3, 10, 1, 3),
('2022-03-10', '2022', 'Q1', 3, 10, 1, 4),
('2022-03-11', '2022', 'Q1', 3, 10, 1, 5),
('2022-03-12', '2022', 'Q1', 3, 10, 0, 6),
('2022-03-13', '2022', 'Q1', 3, 10, 0, 7),
('2022-03-14', '2022', 'Q1', 3, 11, 1, 1),
('2022-03-15', '2022', 'Q1', 3, 11, 1, 2),
('2022-03-16', '2022', 'Q1', 3, 11, 1, 3),
('2022-03-17', '2022', 'Q1', 3, 11, 1, 4),
('2022-03-18', '2022', 'Q1', 3, 11, 1, 5),
('2022-03-19', '2022', 'Q1', 3, 11, 0, 6),
('2022-03-20', '2022', 'Q1', 3, 11, 0, 7),
('2022-03-21', '2022', 'Q1', 3, 12, 1, 1),
('2022-03-22', '2022', 'Q1', 3, 12, 1, 2),
('2022-03-23', '2022', 'Q1', 3, 12, 1, 3),
('2022-03-24', '2022', 'Q1', 3, 12, 1, 4),
('2022-03-25', '2022', 'Q1', 3, 12, 1, 5),
('2022-03-26', '2022', 'Q1', 3, 12, 0, 6),
('2022-03-27', '2022', 'Q1', 3, 12, 0, 7),
('2022-03-28', '2022', 'Q1', 3, 13, 1, 1),
('2022-03-29', '2022', 'Q1', 3, 13, 1, 2),
('2022-03-30', '2022', 'Q1', 3, 13, 1, 3),
('2022-03-31', '2022', 'Q1', 3, 13, 1, 4),
('2022-04-01', '2022', 'Q2', 4, 13, 1, 5),
('2022-04-02', '2022', 'Q2', 4, 13, 0, 6),
('2022-04-03', '2022', 'Q2', 4, 13, 0, 7),
('2022-04-04', '2022', 'Q2', 4, 14, 1, 1),
('2022-04-05', '2022', 'Q2', 4, 14, 1, 2),
('2022-04-06', '2022', 'Q2', 4, 14, 1, 3),
('2022-04-07', '2022', 'Q2', 4, 14, 1, 4),
('2022-04-08', '2022', 'Q2', 4, 14, 1, 5),
('2022-04-09', '2022', 'Q2', 4, 14, 0, 6),
('2022-04-10', '2022', 'Q2', 4, 14, 0, 7),
('2022-04-11', '2022', 'Q2', 4, 15, 1, 1),
('2022-04-12', '2022', 'Q2', 4, 15, 1, 2),
('2022-04-13', '2022', 'Q2', 4, 15, 1, 3),
('2022-04-14', '2022', 'Q2', 4, 15, 1, 4),
('2022-04-15', '2022', 'Q2', 4, 15, 0, 5),
('2022-04-16', '2022', 'Q2', 4, 15, 0, 6),
('2022-04-17', '2022', 'Q2', 4, 15, 0, 7),
('2022-04-18', '2022', 'Q2', 4, 16, 0, 1),
('2022-04-19', '2022', 'Q2', 4, 16, 1, 2),
('2022-04-20', '2022', 'Q2', 4, 16, 1, 3),
('2022-04-21', '2022', 'Q2', 4, 16, 1, 4),
('2022-04-22', '2022', 'Q2', 4, 16, 1, 5),
('2022-04-23', '2022', 'Q2', 4, 16, 0, 6),
('2022-04-24', '2022', 'Q2', 4, 16, 0, 7),
('2022-04-25', '2022', 'Q2', 4, 17, 0, 1),
('2022-04-26', '2022', 'Q2', 4, 17, 1, 2),
('2022-04-27', '2022', 'Q2', 4, 17, 1, 3),
('2022-04-28', '2022', 'Q2', 4, 17, 1, 4),
('2022-04-29', '2022', 'Q2', 4, 17, 1, 5),
('2022-04-30', '2022', 'Q2', 4, 17, 0, 6),
('2022-05-01', '2022', 'Q2', 5, 17, 0, 7),
('2022-05-02', '2022', 'Q2', 5, 18, 1, 1),
('2022-05-03', '2022', 'Q2', 5, 18, 1, 2),
('2022-05-04', '2022', 'Q2', 5, 18, 1, 3),
('2022-05-05', '2022', 'Q2', 5, 18, 1, 4),
('2022-05-06', '2022', 'Q2', 5, 18, 1, 5),
('2022-05-07', '2022', 'Q2', 5, 18, 0, 6),
('2022-05-08', '2022', 'Q2', 5, 18, 0, 7),
('2022-05-09', '2022', 'Q2', 5, 19, 1, 1),
('2022-05-10', '2022', 'Q2', 5, 19, 1, 2),
('2022-05-11', '2022', 'Q2', 5, 19, 1, 3),
('2022-05-12', '2022', 'Q2', 5, 19, 1, 4),
('2022-05-13', '2022', 'Q2', 5, 19, 1, 5),
('2022-05-14', '2022', 'Q2', 5, 19, 0, 6),
('2022-05-15', '2022', 'Q2', 5, 19, 0, 7),
('2022-05-16', '2022', 'Q2', 5, 20, 1, 1),
('2022-05-17', '2022', 'Q2', 5, 20, 1, 2),
('2022-05-18', '2022', 'Q2', 5, 20, 1, 3),
('2022-05-19', '2022', 'Q2', 5, 20, 1, 4),
('2022-05-20', '2022', 'Q2', 5, 20, 1, 5),
('2022-05-21', '2022', 'Q2', 5, 20, 0, 6),
('2022-05-22', '2022', 'Q2', 5, 20, 0, 7),
('2022-05-23', '2022', 'Q2', 5, 21, 1, 1),
('2022-05-24', '2022', 'Q2', 5, 21, 1, 2),
('2022-05-25', '2022', 'Q2', 5, 21, 1, 3),
('2022-05-26', '2022', 'Q2', 5, 21, 1, 4),
('2022-05-27', '2022', 'Q2', 5, 21, 1, 5),
('2022-05-28', '2022', 'Q2', 5, 21, 0, 6),
('2022-05-29', '2022', 'Q2', 5, 21, 0, 7),
('2022-05-30', '2022', 'Q2', 5, 22, 1, 1),
('2022-05-31', '2022', 'Q2', 5, 22, 1, 2),
('2022-06-01', '2022', 'Q2', 6, 22, 1, 3),
('2022-06-02', '2022', 'Q2', 6, 22, 1, 4),
('2022-06-03', '2022', 'Q2', 6, 22, 1, 5),
('2022-06-04', '2022', 'Q2', 6, 22, 0, 6),
('2022-06-05', '2022', 'Q2', 6, 22, 0, 7),
('2022-06-06', '2022', 'Q2', 6, 23, 0, 1),
('2022-06-07', '2022', 'Q2', 6, 23, 1, 2),
('2022-06-08', '2022', 'Q2', 6, 23, 1, 3),
('2022-06-09', '2022', 'Q2', 6, 23, 1, 4),
('2022-06-10', '2022', 'Q2', 6, 23, 1, 5),
('2022-06-11', '2022', 'Q2', 6, 23, 0, 6),
('2022-06-12', '2022', 'Q2', 6, 23, 0, 7),
('2022-06-13', '2022', 'Q2', 6, 24, 1, 1),
('2022-06-14', '2022', 'Q2', 6, 24, 1, 2),
('2022-06-15', '2022', 'Q2', 6, 24, 1, 3),
('2022-06-16', '2022', 'Q2', 6, 24, 1, 4),
('2022-06-17', '2022', 'Q2', 6, 24, 1, 5),
('2022-06-18', '2022', 'Q2', 6, 24, 0, 6),
('2022-06-19', '2022', 'Q2', 6, 24, 0, 7),
('2022-06-20', '2022', 'Q2', 6, 25, 1, 1),
('2022-06-21', '2022', 'Q2', 6, 25, 1, 2),
('2022-06-22', '2022', 'Q2', 6, 25, 1, 3),
('2022-06-23', '2022', 'Q2', 6, 25, 1, 4),
('2022-06-24', '2022', 'Q2', 6, 25, 0, 5),
('2022-06-25', '2022', 'Q2', 6, 25, 0, 6),
('2022-06-26', '2022', 'Q2', 6, 25, 0, 7),
('2022-06-27', '2022', 'Q2', 6, 26, 1, 1),
('2022-06-28', '2022', 'Q2', 6, 26, 1, 2),
('2022-06-29', '2022', 'Q2', 6, 26, 1, 3),
('2022-06-30', '2022', 'Q2', 6, 26, 1, 4),
('2022-07-01', '2022', 'Q3', 7, 26, 1, 5),
('2022-07-02', '2022', 'Q3', 7, 26, 0, 6),
('2022-07-03', '2022', 'Q3', 7, 26, 0, 7),
('2022-07-04', '2022', 'Q3', 7, 27, 1, 1),
('2022-07-05', '2022', 'Q3', 7, 27, 1, 2),
('2022-07-06', '2022', 'Q3', 7, 27, 1, 3),
('2022-07-07', '2022', 'Q3', 7, 27, 1, 4),
('2022-07-08', '2022', 'Q3', 7, 27, 1, 5),
('2022-07-09', '2022', 'Q3', 7, 27, 0, 6),
('2022-07-10', '2022', 'Q3', 7, 27, 0, 7),
('2022-07-11', '2022', 'Q3', 7, 28, 1, 1),
('2022-07-12', '2022', 'Q3', 7, 28, 1, 2),
('2022-07-13', '2022', 'Q3', 7, 28, 1, 3),
('2022-07-14', '2022', 'Q3', 7, 28, 1, 4),
('2022-07-15', '2022', 'Q3', 7, 28, 1, 5),
('2022-07-16', '2022', 'Q3', 7, 28, 0, 6),
('2022-07-17', '2022', 'Q3', 7, 28, 0, 7),
('2022-07-18', '2022', 'Q3', 7, 29, 1, 1),
('2022-07-19', '2022', 'Q3', 7, 29, 1, 2),
('2022-07-20', '2022', 'Q3', 7, 29, 1, 3),
('2022-07-21', '2022', 'Q3', 7, 29, 1, 4),
('2022-07-22', '2022', 'Q3', 7, 29, 1, 5),
('2022-07-23', '2022', 'Q3', 7, 29, 0, 6),
('2022-07-24', '2022', 'Q3', 7, 29, 0, 7),
('2022-07-25', '2022', 'Q3', 7, 30, 1, 1),
('2022-07-26', '2022', 'Q3', 7, 30, 1, 2),
('2022-07-27', '2022', 'Q3', 7, 30, 1, 3),
('2022-07-28', '2022', 'Q3', 7, 30, 1, 4),
('2022-07-29', '2022', 'Q3', 7, 30, 1, 5),
('2022-07-30', '2022', 'Q3', 7, 30, 0, 6),
('2022-07-31', '2022', 'Q3', 7, 30, 0, 7),
('2022-08-01', '2022', 'Q3', 8, 31, 1, 1),
('2022-08-02', '2022', 'Q3', 8, 31, 1, 2),
('2022-08-03', '2022', 'Q3', 8, 31, 1, 3),
('2022-08-04', '2022', 'Q3', 8, 31, 1, 4),
('2022-08-05', '2022', 'Q3', 8, 31, 1, 5),
('2022-08-06', '2022', 'Q3', 8, 31, 0, 6),
('2022-08-07', '2022', 'Q3', 8, 31, 0, 7),
('2022-08-08', '2022', 'Q3', 8, 32, 1, 1),
('2022-08-09', '2022', 'Q3', 8, 32, 1, 2),
('2022-08-10', '2022', 'Q3', 8, 32, 1, 3),
('2022-08-11', '2022', 'Q3', 8, 32, 1, 4),
('2022-08-12', '2022', 'Q3', 8, 32, 1, 5),
('2022-08-13', '2022', 'Q3', 8, 32, 0, 6),
('2022-08-14', '2022', 'Q3', 8, 32, 0, 7),
('2022-08-15', '2022', 'Q3', 8, 33, 1, 1),
('2022-08-16', '2022', 'Q3', 8, 33, 1, 2),
('2022-08-17', '2022', 'Q3', 8, 33, 1, 3),
('2022-08-18', '2022', 'Q3', 8, 33, 1, 4),
('2022-08-19', '2022', 'Q3', 8, 33, 1, 5),
('2022-08-20', '2022', 'Q3', 8, 33, 0, 6),
('2022-08-21', '2022', 'Q3', 8, 33, 0, 7),
('2022-08-22', '2022', 'Q3', 8, 34, 1, 1),
('2022-08-23', '2022', 'Q3', 8, 34, 1, 2),
('2022-08-24', '2022', 'Q3', 8, 34, 1, 3),
('2022-08-25', '2022', 'Q3', 8, 34, 1, 4),
('2022-08-26', '2022', 'Q3', 8, 34, 1, 5),
('2022-08-27', '2022', 'Q3', 8, 34, 0, 6),
('2022-08-28', '2022', 'Q3', 8, 34, 0, 7),
('2022-08-29', '2022', 'Q3', 8, 35, 1, 1),
('2022-08-30', '2022', 'Q3', 8, 35, 1, 2),
('2022-08-31', '2022', 'Q3', 8, 35, 1, 3),
('2022-09-01', '2022', 'Q3', 9, 35, 1, 4),
('2022-09-02', '2022', 'Q3', 9, 35, 1, 5),
('2022-09-03', '2022', 'Q3', 9, 35, 0, 6),
('2022-09-04', '2022', 'Q3', 9, 35, 0, 7),
('2022-09-05', '2022', 'Q3', 9, 36, 1, 1),
('2022-09-06', '2022', 'Q3', 9, 36, 1, 2),
('2022-09-07', '2022', 'Q3', 9, 36, 1, 3),
('2022-09-08', '2022', 'Q3', 9, 36, 1, 4),
('2022-09-09', '2022', 'Q3', 9, 36, 1, 5),
('2022-09-10', '2022', 'Q3', 9, 36, 0, 6),
('2022-09-11', '2022', 'Q3', 9, 36, 0, 7),
('2022-09-12', '2022', 'Q3', 9, 37, 1, 1),
('2022-09-13', '2022', 'Q3', 9, 37, 1, 2),
('2022-09-14', '2022', 'Q3', 9, 37, 1, 3),
('2022-09-15', '2022', 'Q3', 9, 37, 1, 4),
('2022-09-16', '2022', 'Q3', 9, 37, 1, 5),
('2022-09-17', '2022', 'Q3', 9, 37, 0, 6),
('2022-09-18', '2022', 'Q3', 9, 37, 0, 7),
('2022-09-19', '2022', 'Q3', 9, 38, 1, 1),
('2022-09-20', '2022', 'Q3', 9, 38, 1, 2),
('2022-09-21', '2022', 'Q3', 9, 38, 1, 3),
('2022-09-22', '2022', 'Q3', 9, 38, 1, 4),
('2022-09-23', '2022', 'Q3', 9, 38, 1, 5),
('2022-09-24', '2022', 'Q3', 9, 38, 0, 6),
('2022-09-25', '2022', 'Q3', 9, 38, 0, 7),
('2022-09-26', '2022', 'Q3', 9, 39, 1, 1),
('2022-09-27', '2022', 'Q3', 9, 39, 1, 2),
('2022-09-28', '2022', 'Q3', 9, 39, 1, 3),
('2022-09-29', '2022', 'Q3', 9, 39, 1, 4),
('2022-09-30', '2022', 'Q3', 9, 39, 1, 5),
('2022-10-01', '2022', 'Q4', 10, 39, 0, 6),
('2022-10-02', '2022', 'Q4', 10, 39, 0, 7),
('2022-10-03', '2022', 'Q4', 10, 40, 1, 1),
('2022-10-04', '2022', 'Q4', 10, 40, 1, 2),
('2022-10-05', '2022', 'Q4', 10, 40, 1, 3),
('2022-10-06', '2022', 'Q4', 10, 40, 1, 4),
('2022-10-07', '2022', 'Q4', 10, 40, 1, 5),
('2022-10-08', '2022', 'Q4', 10, 40, 0, 6),
('2022-10-09', '2022', 'Q4', 10, 40, 0, 7),
('2022-10-10', '2022', 'Q4', 10, 41, 1, 1),
('2022-10-11', '2022', 'Q4', 10, 41, 1, 2),
('2022-10-12', '2022', 'Q4', 10, 41, 1, 3),
('2022-10-13', '2022', 'Q4', 10, 41, 1, 4),
('2022-10-14', '2022', 'Q4', 10, 41, 1, 5),
('2022-10-15', '2022', 'Q4', 10, 41, 0, 6),
('2022-10-16', '2022', 'Q4', 10, 41, 0, 7),
('2022-10-17', '2022', 'Q4', 10, 42, 1, 1),
('2022-10-18', '2022', 'Q4', 10, 42, 1, 2),
('2022-10-19', '2022', 'Q4', 10, 42, 1, 3),
('2022-10-20', '2022', 'Q4', 10, 42, 1, 4),
('2022-10-21', '2022', 'Q4', 10, 42, 1, 5),
('2022-10-22', '2022', 'Q4', 10, 42, 0, 6),
('2022-10-23', '2022', 'Q4', 10, 42, 0, 7),
('2022-10-24', '2022', 'Q4', 10, 43, 0, 1),
('2022-10-25', '2022', 'Q4', 10, 43, 1, 2),
('2022-10-26', '2022', 'Q4', 10, 43, 1, 3),
('2022-10-27', '2022', 'Q4', 10, 43, 1, 4),
('2022-10-28', '2022', 'Q4', 10, 43, 1, 5),
('2022-10-29', '2022', 'Q4', 10, 43, 0, 6),
('2022-10-30', '2022', 'Q4', 10, 43, 0, 7),
('2022-10-31', '2022', 'Q4', 10, 44, 1, 1),
('2022-11-01', '2022', 'Q4', 11, 44, 1, 2),
('2022-11-02', '2022', 'Q4', 11, 44, 1, 3),
('2022-11-03', '2022', 'Q4', 11, 44, 1, 4),
('2022-11-04', '2022', 'Q4', 11, 44, 1, 5),
('2022-11-05', '2022', 'Q4', 11, 44, 0, 6),
('2022-11-06', '2022', 'Q4', 11, 44, 0, 7),
('2022-11-07', '2022', 'Q4', 11, 45, 1, 1),
('2022-11-08', '2022', 'Q4', 11, 45, 1, 2),
('2022-11-09', '2022', 'Q4', 11, 45, 1, 3),
('2022-11-10', '2022', 'Q4', 11, 45, 1, 4),
('2022-11-11', '2022', 'Q4', 11, 45, 1, 5),
('2022-11-12', '2022', 'Q4', 11, 45, 0, 6),
('2022-11-13', '2022', 'Q4', 11, 45, 0, 7),
('2022-11-14', '2022', 'Q4', 11, 46, 1, 1),
('2022-11-15', '2022', 'Q4', 11, 46, 1, 2),
('2022-11-16', '2022', 'Q4', 11, 46, 1, 3),
('2022-11-17', '2022', 'Q4', 11, 46, 1, 4),
('2022-11-18', '2022', 'Q4', 11, 46, 1, 5),
('2022-11-19', '2022', 'Q4', 11, 46, 0, 6),
('2022-11-20', '2022', 'Q4', 11, 46, 0, 7),
('2022-11-21', '2022', 'Q4', 11, 47, 1, 1),
('2022-11-22', '2022', 'Q4', 11, 47, 1, 2),
('2022-11-23', '2022', 'Q4', 11, 47, 1, 3),
('2022-11-24', '2022', 'Q4', 11, 47, 1, 4),
('2022-11-25', '2022', 'Q4', 11, 47, 1, 5),
('2022-11-26', '2022', 'Q4', 11, 47, 0, 6),
('2022-11-27', '2022', 'Q4', 11, 47, 0, 7),
('2022-11-28', '2022', 'Q4', 11, 48, 1, 1),
('2022-11-29', '2022', 'Q4', 11, 48, 1, 2),
('2022-11-30', '2022', 'Q4', 11, 48, 1, 3),
('2022-12-01', '2022', 'Q4', 12, 48, 1, 4),
('2022-12-02', '2022', 'Q4', 12, 48, 1, 5),
('2022-12-03', '2022', 'Q4', 12, 48, 0, 6),
('2022-12-04', '2022', 'Q4', 12, 48, 0, 7),
('2022-12-05', '2022', 'Q4', 12, 49, 1, 1),
('2022-12-06', '2022', 'Q4', 12, 49, 1, 2),
('2022-12-07', '2022', 'Q4', 12, 49, 1, 3),
('2022-12-08', '2022', 'Q4', 12, 49, 1, 4),
('2022-12-09', '2022', 'Q4', 12, 49, 1, 5),
('2022-12-10', '2022', 'Q4', 12, 49, 0, 6),
('2022-12-11', '2022', 'Q4', 12, 49, 0, 7),
('2022-12-12', '2022', 'Q4', 12, 50, 1, 1),
('2022-12-13', '2022', 'Q4', 12, 50, 1, 2),
('2022-12-14', '2022', 'Q4', 12, 50, 1, 3),
('2022-12-15', '2022', 'Q4', 12, 50, 1, 4),
('2022-12-16', '2022', 'Q4', 12, 50, 1, 5),
('2022-12-17', '2022', 'Q4', 12, 50, 0, 6),
('2022-12-18', '2022', 'Q4', 12, 50, 0, 7),
('2022-12-19', '2022', 'Q4', 12, 51, 1, 1),
('2022-12-20', '2022', 'Q4', 12, 51, 1, 2),
('2022-12-21', '2022', 'Q4', 12, 51, 1, 3),
('2022-12-22', '2022', 'Q4', 12, 51, 1, 4),
('2022-12-23', '2022', 'Q4', 12, 51, 1, 5),
('2022-12-24', '2022', 'Q4', 12, 51, 0, 6),
('2022-12-25', '2022', 'Q4', 12, 51, 0, 7),
('2022-12-26', '2022', 'Q4', 12, 52, 0, 1),
('2022-12-27', '2022', 'Q4', 12, 52, 0, 2),
('2022-12-28', '2022', 'Q4', 12, 52, 1, 3),
('2022-12-29', '2022', 'Q4', 12, 52, 1, 4),
('2022-12-30', '2022', 'Q4', 12, 52, 1, 5),
('2022-12-31', '2022', 'Q4', 12, 52, 0, 6),
('2023-01-01', '2023', 'Q1', 1, 52, 0, 7),
('2023-01-02', '2023', 'Q1', 1, 01, 0, 1),
('2023-01-03', '2023', 'Q1', 1, 01, 0, 2),
('2023-01-04', '2023', 'Q1', 1, 01, 1, 3),
('2023-01-05', '2023', 'Q1', 1, 01, 1, 4),
('2023-01-06', '2023', 'Q1', 1, 01, 1, 5),
('2023-01-07', '2023', 'Q1', 1, 01, 0, 6),
('2023-01-08', '2023', 'Q1', 1, 01, 0, 7),
('2023-01-09', '2023', 'Q1', 1, 02, 1, 1),
('2023-01-10', '2023', 'Q1', 1, 02, 1, 2),
('2023-01-11', '2023', 'Q1', 1, 02, 1, 3),
('2023-01-12', '2023', 'Q1', 1, 02, 1, 4),
('2023-01-13', '2023', 'Q1', 1, 02, 1, 5),
('2023-01-14', '2023', 'Q1', 1, 02, 0, 6),
('2023-01-15', '2023', 'Q1', 1, 02, 0, 7),
('2023-01-16', '2023', 'Q1', 1, 03, 1, 1),
('2023-01-17', '2023', 'Q1', 1, 03, 1, 2),
('2023-01-18', '2023', 'Q1', 1, 03, 1, 3),
('2023-01-19', '2023', 'Q1', 1, 03, 1, 4),
('2023-01-20', '2023', 'Q1', 1, 03, 1, 5),
('2023-01-21', '2023', 'Q1', 1, 03, 0, 6),
('2023-01-22', '2023', 'Q1', 1, 03, 0, 7),
('2023-01-23', '2023', 'Q1', 1, 04, 1, 1),
('2023-01-24', '2023', 'Q1', 1, 04, 1, 2),
('2023-01-25', '2023', 'Q1', 1, 04, 1, 3),
('2023-01-26', '2023', 'Q1', 1, 04, 1, 4),
('2023-01-27', '2023', 'Q1', 1, 04, 1, 5),
('2023-01-28', '2023', 'Q1', 1, 04, 0, 6),
('2023-01-29', '2023', 'Q1', 1, 04, 0, 7),
('2023-01-30', '2023', 'Q1', 1, 05, 1, 1),
('2023-01-31', '2023', 'Q1', 1, 05, 1, 2),
('2023-02-01', '2023', 'Q1', 2, 05, 1, 3),
('2023-02-02', '2023', 'Q1', 2, 05, 1, 4),
('2023-02-03', '2023', 'Q1', 2, 05, 1, 5),
('2023-02-04', '2023', 'Q1', 2, 05, 0, 6),
('2023-02-05', '2023', 'Q1', 2, 05, 0, 7),
('2023-02-06', '2023', 'Q1', 2, 06, 0, 1),
('2023-02-07', '2023', 'Q1', 2, 06, 1, 2),
('2023-02-08', '2023', 'Q1', 2, 06, 1, 3),
('2023-02-09', '2023', 'Q1', 2, 06, 1, 4),
('2023-02-10', '2023', 'Q1', 2, 06, 1, 5),
('2023-02-11', '2023', 'Q1', 2, 06, 0, 6),
('2023-02-12', '2023', 'Q1', 2, 06, 0, 7),
('2023-02-13', '2023', 'Q1', 2, 07, 1, 1),
('2023-02-14', '2023', 'Q1', 2, 07, 1, 2),
('2023-02-15', '2023', 'Q1', 2, 07, 1, 3),
('2023-02-16', '2023', 'Q1', 2, 07, 1, 4),
('2023-02-17', '2023', 'Q1', 2, 07, 1, 5),
('2023-02-18', '2023', 'Q1', 2, 07, 0, 6),
('2023-02-19', '2023', 'Q1', 2, 07, 0, 7),
('2023-02-20', '2023', 'Q1', 2, 08, 1, 1),
('2023-02-21', '2023', 'Q1', 2, 08, 1, 2),
('2023-02-22', '2023', 'Q1', 2, 08, 1, 3),
('2023-02-23', '2023', 'Q1', 2, 08, 1, 4),
('2023-02-24', '2023', 'Q1', 2, 08, 1, 5),
('2023-02-25', '2023', 'Q1', 2, 08, 0, 6),
('2023-02-26', '2023', 'Q1', 2, 08, 0, 7),
('2023-02-27', '2023', 'Q1', 2, 09, 1, 1),
('2023-02-28', '2023', 'Q1', 2, 09, 1, 2),
('2023-03-01', '2023', 'Q1', 3, 09, 1, 3),
('2023-03-02', '2023', 'Q1', 3, 09, 1, 4),
('2023-03-03', '2023', 'Q1', 3, 09, 1, 5),
('2023-03-04', '2023', 'Q1', 3, 09, 0, 6),
('2023-03-05', '2023', 'Q1', 3, 09, 0, 7),
('2023-03-06', '2023', 'Q1', 3, 10, 1, 1),
('2023-03-07', '2023', 'Q1', 3, 10, 1, 2),
('2023-03-08', '2023', 'Q1', 3, 10, 1, 3),
('2023-03-09', '2023', 'Q1', 3, 10, 1, 4),
('2023-03-10', '2023', 'Q1', 3, 10, 1, 5),
('2023-03-11', '2023', 'Q1', 3, 10, 0, 6),
('2023-03-12', '2023', 'Q1', 3, 10, 0, 7),
('2023-03-13', '2023', 'Q1', 3, 11, 1, 1),
('2023-03-14', '2023', 'Q1', 3, 11, 1, 2),
('2023-03-15', '2023', 'Q1', 3, 11, 1, 3),
('2023-03-16', '2023', 'Q1', 3, 11, 1, 4),
('2023-03-17', '2023', 'Q1', 3, 11, 1, 5),
('2023-03-18', '2023', 'Q1', 3, 11, 0, 6),
('2023-03-19', '2023', 'Q1', 3, 11, 0, 7),
('2023-03-20', '2023', 'Q1', 3, 12, 1, 1),
('2023-03-21', '2023', 'Q1', 3, 12, 1, 2),
('2023-03-22', '2023', 'Q1', 3, 12, 1, 3),
('2023-03-23', '2023', 'Q1', 3, 12, 1, 4),
('2023-03-24', '2023', 'Q1', 3, 12, 1, 5),
('2023-03-25', '2023', 'Q1', 3, 12, 0, 6),
('2023-03-26', '2023', 'Q1', 3, 12, 0, 7),
('2023-03-27', '2023', 'Q1', 3, 13, 1, 1),
('2023-03-28', '2023', 'Q1', 3, 13, 1, 2),
('2023-03-29', '2023', 'Q1', 3, 13, 1, 3),
('2023-03-30', '2023', 'Q1', 3, 13, 1, 4),
('2023-03-31', '2023', 'Q1', 3, 13, 1, 5),
('2023-04-01', '2023', 'Q2', 4, 13, 0, 6),
('2023-04-02', '2023', 'Q2', 4, 13, 0, 7),
('2023-04-03', '2023', 'Q2', 4, 14, 1, 1),
('2023-04-04', '2023', 'Q2', 4, 14, 1, 2),
('2023-04-05', '2023', 'Q2', 4, 14, 1, 3),
('2023-04-06', '2023', 'Q2', 4, 14, 1, 4),
('2023-04-07', '2023', 'Q2', 4, 14, 0, 5),
('2023-04-08', '2023', 'Q2', 4, 14, 0, 6),
('2023-04-09', '2023', 'Q2', 4, 14, 0, 7),
('2023-04-10', '2023', 'Q2', 4, 15, 0, 1),
('2023-04-11', '2023', 'Q2', 4, 15, 1, 2),
('2023-04-12', '2023', 'Q2', 4, 15, 1, 3),
('2023-04-13', '2023', 'Q2', 4, 15, 1, 4),
('2023-04-14', '2023', 'Q2', 4, 15, 1, 5),
('2023-04-15', '2023', 'Q2', 4, 15, 0, 6),
('2023-04-16', '2023', 'Q2', 4, 15, 0, 7),
('2023-04-17', '2023', 'Q2', 4, 16, 1, 1),
('2023-04-18', '2023', 'Q2', 4, 16, 1, 2),
('2023-04-19', '2023', 'Q2', 4, 16, 1, 3),
('2023-04-20', '2023', 'Q2', 4, 16, 1, 4),
('2023-04-21', '2023', 'Q2', 4, 16, 1, 5),
('2023-04-22', '2023', 'Q2', 4, 16, 0, 6),
('2023-04-23', '2023', 'Q2', 4, 16, 0, 7),
('2023-04-24', '2023', 'Q2', 4, 17, 1, 1),
('2023-04-25', '2023', 'Q2', 4, 17, 0, 2),
('2023-04-26', '2023', 'Q2', 4, 17, 1, 3),
('2023-04-27', '2023', 'Q2', 4, 17, 1, 4),
('2023-04-28', '2023', 'Q2', 4, 17, 1, 5),
('2023-04-29', '2023', 'Q2', 4, 17, 0, 6),
('2023-04-30', '2023', 'Q2', 4, 17, 0, 7),
('2023-05-01', '2023', 'Q2', 5, 18, 1, 1),
('2023-05-02', '2023', 'Q2', 5, 18, 1, 2),
('2023-05-03', '2023', 'Q2', 5, 18, 1, 3),
('2023-05-04', '2023', 'Q2', 5, 18, 1, 4),
('2023-05-05', '2023', 'Q2', 5, 18, 1, 5),
('2023-05-06', '2023', 'Q2', 5, 18, 0, 6),
('2023-05-07', '2023', 'Q2', 5, 18, 0, 7),
('2023-05-08', '2023', 'Q2', 5, 19, 1, 1),
('2023-05-09', '2023', 'Q2', 5, 19, 1, 2),
('2023-05-10', '2023', 'Q2', 5, 19, 1, 3),
('2023-05-11', '2023', 'Q2', 5, 19, 1, 4),
('2023-05-12', '2023', 'Q2', 5, 19, 1, 5),
('2023-05-13', '2023', 'Q2', 5, 19, 0, 6),
('2023-05-14', '2023', 'Q2', 5, 19, 0, 7),
('2023-05-15', '2023', 'Q2', 5, 20, 1, 1),
('2023-05-16', '2023', 'Q2', 5, 20, 1, 2),
('2023-05-17', '2023', 'Q2', 5, 20, 1, 3),
('2023-05-18', '2023', 'Q2', 5, 20, 1, 4),
('2023-05-19', '2023', 'Q2', 5, 20, 1, 5),
('2023-05-20', '2023', 'Q2', 5, 20, 0, 6),
('2023-05-21', '2023', 'Q2', 5, 20, 0, 7),
('2023-05-22', '2023', 'Q2', 5, 21, 1, 1),
('2023-05-23', '2023', 'Q2', 5, 21, 1, 2),
('2023-05-24', '2023', 'Q2', 5, 21, 1, 3),
('2023-05-25', '2023', 'Q2', 5, 21, 1, 4),
('2023-05-26', '2023', 'Q2', 5, 21, 1, 5),
('2023-05-27', '2023', 'Q2', 5, 21, 0, 6),
('2023-05-28', '2023', 'Q2', 5, 21, 0, 7),
('2023-05-29', '2023', 'Q2', 5, 22, 1, 1),
('2023-05-30', '2023', 'Q2', 5, 22, 1, 2),
('2023-05-31', '2023', 'Q2', 5, 22, 1, 3),
('2023-06-01', '2023', 'Q2', 6, 22, 1, 4),
('2023-06-02', '2023', 'Q2', 6, 22, 1, 5),
('2023-06-03', '2023', 'Q2', 6, 22, 0, 6),
('2023-06-04', '2023', 'Q2', 6, 22, 0, 7),
('2023-06-05', '2023', 'Q2', 6, 23, 0, 1),
('2023-06-06', '2023', 'Q2', 6, 23, 1, 2),
('2023-06-07', '2023', 'Q2', 6, 23, 1, 3),
('2023-06-08', '2023', 'Q2', 6, 23, 1, 4),
('2023-06-09', '2023', 'Q2', 6, 23, 1, 5),
('2023-06-10', '2023', 'Q2', 6, 23, 0, 6),
('2023-06-11', '2023', 'Q2', 6, 23, 0, 7),
('2023-06-12', '2023', 'Q2', 6, 24, 1, 1),
('2023-06-13', '2023', 'Q2', 6, 24, 1, 2),
('2023-06-14', '2023', 'Q2', 6, 24, 1, 3),
('2023-06-15', '2023', 'Q2', 6, 24, 1, 4),
('2023-06-16', '2023', 'Q2', 6, 24, 1, 5),
('2023-06-17', '2023', 'Q2', 6, 24, 0, 6),
('2023-06-18', '2023', 'Q2', 6, 24, 0, 7),
('2023-06-19', '2023', 'Q2', 6, 25, 1, 1),
('2023-06-20', '2023', 'Q2', 6, 25, 1, 2),
('2023-06-21', '2023', 'Q2', 6, 25, 1, 3),
('2023-06-22', '2023', 'Q2', 6, 25, 1, 4),
('2023-06-23', '2023', 'Q2', 6, 25, 1, 5),
('2023-06-24', '2023', 'Q2', 6, 25, 0, 6),
('2023-06-25', '2023', 'Q2', 6, 25, 0, 7),
('2023-06-26', '2023', 'Q2', 6, 26, 1, 1),
('2023-06-27', '2023', 'Q2', 6, 26, 1, 2),
('2023-06-28', '2023', 'Q2', 6, 26, 1, 3),
('2023-06-29', '2023', 'Q2', 6, 26, 1, 4),
('2023-06-30', '2023', 'Q2', 6, 26, 1, 5),
('2023-07-01', '2023', 'Q3', 7, 26, 0, 6),
('2023-07-02', '2023', 'Q3', 7, 26, 0, 7),
('2023-07-03', '2023', 'Q3', 7, 27, 1, 1),
('2023-07-04', '2023', 'Q3', 7, 27, 1, 2),
('2023-07-05', '2023', 'Q3', 7, 27, 1, 3),
('2023-07-06', '2023', 'Q3', 7, 27, 1, 4),
('2023-07-07', '2023', 'Q3', 7, 27, 1, 5),
('2023-07-08', '2023', 'Q3', 7, 27, 0, 6),
('2023-07-09', '2023', 'Q3', 7, 27, 0, 7),
('2023-07-10', '2023', 'Q3', 7, 28, 1, 1),
('2023-07-11', '2023', 'Q3', 7, 28, 1, 2),
('2023-07-12', '2023', 'Q3', 7, 28, 1, 3),
('2023-07-13', '2023', 'Q3', 7, 28, 1, 4),
('2023-07-14', '2023', 'Q3', 7, 28, 0, 5),
('2023-07-15', '2023', 'Q3', 7, 28, 0, 6),
('2023-07-16', '2023', 'Q3', 7, 28, 0, 7),
('2023-07-17', '2023', 'Q3', 7, 29, 1, 1),
('2023-07-18', '2023', 'Q3', 7, 29, 1, 2),
('2023-07-19', '2023', 'Q3', 7, 29, 1, 3),
('2023-07-20', '2023', 'Q3', 7, 29, 1, 4),
('2023-07-21', '2023', 'Q3', 7, 29, 1, 5),
('2023-07-22', '2023', 'Q3', 7, 29, 0, 6),
('2023-07-23', '2023', 'Q3', 7, 29, 0, 7),
('2023-07-24', '2023', 'Q3', 7, 30, 1, 1),
('2023-07-25', '2023', 'Q3', 7, 30, 1, 2),
('2023-07-26', '2023', 'Q3', 7, 30, 1, 3),
('2023-07-27', '2023', 'Q3', 7, 30, 1, 4),
('2023-07-28', '2023', 'Q3', 7, 30, 1, 5),
('2023-07-29', '2023', 'Q3', 7, 30, 0, 6),
('2023-07-30', '2023', 'Q3', 7, 30, 0, 7),
('2023-07-31', '2023', 'Q3', 7, 31, 1, 1),
('2023-08-01', '2023', 'Q3', 8, 31, 1, 2),
('2023-08-02', '2023', 'Q3', 8, 31, 1, 3),
('2023-08-03', '2023', 'Q3', 8, 31, 1, 4),
('2023-08-04', '2023', 'Q3', 8, 31, 1, 5),
('2023-08-05', '2023', 'Q3', 8, 31, 0, 6),
('2023-08-06', '2023', 'Q3', 8, 31, 0, 7),
('2023-08-07', '2023', 'Q3', 8, 32, 1, 1),
('2023-08-08', '2023', 'Q3', 8, 32, 1, 2),
('2023-08-09', '2023', 'Q3', 8, 32, 1, 3),
('2023-08-10', '2023', 'Q3', 8, 32, 1, 4),
('2023-08-11', '2023', 'Q3', 8, 32, 1, 5),
('2023-08-12', '2023', 'Q3', 8, 32, 0, 6),
('2023-08-13', '2023', 'Q3', 8, 32, 0, 7),
('2023-08-14', '2023', 'Q3', 8, 33, 1, 1),
('2023-08-15', '2023', 'Q3', 8, 33, 1, 2),
('2023-08-16', '2023', 'Q3', 8, 33, 1, 3),
('2023-08-17', '2023', 'Q3', 8, 33, 1, 4),
('2023-08-18', '2023', 'Q3', 8, 33, 1, 5),
('2023-08-19', '2023', 'Q3', 8, 33, 0, 6),
('2023-08-20', '2023', 'Q3', 8, 33, 0, 7),
('2023-08-21', '2023', 'Q3', 8, 34, 1, 1),
('2023-08-22', '2023', 'Q3', 8, 34, 1, 2),
('2023-08-23', '2023', 'Q3', 8, 34, 1, 3),
('2023-08-24', '2023', 'Q3', 8, 34, 1, 4),
('2023-08-25', '2023', 'Q3', 8, 34, 1, 5),
('2023-08-26', '2023', 'Q3', 8, 34, 0, 6),
('2023-08-27', '2023', 'Q3', 8, 34, 0, 7),
('2023-08-28', '2023', 'Q3', 8, 35, 1, 1),
('2023-08-29', '2023', 'Q3', 8, 35, 1, 2),
('2023-08-30', '2023', 'Q3', 8, 35, 1, 3),
('2023-08-31', '2023', 'Q3', 8, 35, 1, 4),
('2023-09-01', '2023', 'Q3', 9, 35, 1, 5),
('2023-09-02', '2023', 'Q3', 9, 35, 0, 6),
('2023-09-03', '2023', 'Q3', 9, 35, 0, 7),
('2023-09-04', '2023', 'Q3', 9, 36, 1, 1),
('2023-09-05', '2023', 'Q3', 9, 36, 1, 2),
('2023-09-06', '2023', 'Q3', 9, 36, 1, 3),
('2023-09-07', '2023', 'Q3', 9, 36, 1, 4),
('2023-09-08', '2023', 'Q3', 9, 36, 1, 5),
('2023-09-09', '2023', 'Q3', 9, 36, 0, 6),
('2023-09-10', '2023', 'Q3', 9, 36, 0, 7),
('2023-09-11', '2023', 'Q3', 9, 37, 1, 1),
('2023-09-12', '2023', 'Q3', 9, 37, 1, 2),
('2023-09-13', '2023', 'Q3', 9, 37, 1, 3),
('2023-09-14', '2023', 'Q3', 9, 37, 1, 4),
('2023-09-15', '2023', 'Q3', 9, 37, 1, 5),
('2023-09-16', '2023', 'Q3', 9, 37, 0, 6),
('2023-09-17', '2023', 'Q3', 9, 37, 0, 7),
('2023-09-18', '2023', 'Q3', 9, 38, 1, 1),
('2023-09-19', '2023', 'Q3', 9, 38, 1, 2),
('2023-09-20', '2023', 'Q3', 9, 38, 1, 3),
('2023-09-21', '2023', 'Q3', 9, 38, 1, 4),
('2023-09-22', '2023', 'Q3', 9, 38, 1, 5),
('2023-09-23', '2023', 'Q3', 9, 38, 0, 6),
('2023-09-24', '2023', 'Q3', 9, 38, 0, 7),
('2023-09-25', '2023', 'Q3', 9, 39, 1, 1),
('2023-09-26', '2023', 'Q3', 9, 39, 1, 2),
('2023-09-27', '2023', 'Q3', 9, 39, 1, 3),
('2023-09-28', '2023', 'Q3', 9, 39, 1, 4),
('2023-09-29', '2023', 'Q3', 9, 39, 1, 5),
('2023-09-30', '2023', 'Q3', 9, 39, 0, 6),
('2023-10-01', '2023', 'Q4', 10, 39, 0, 7),
('2023-10-02', '2023', 'Q4', 10, 40, 1, 1),
('2023-10-03', '2023', 'Q4', 10, 40, 1, 2),
('2023-10-04', '2023', 'Q4', 10, 40, 1, 3),
('2023-10-05', '2023', 'Q4', 10, 40, 1, 4),
('2023-10-06', '2023', 'Q4', 10, 40, 1, 5),
('2023-10-07', '2023', 'Q4', 10, 40, 0, 6),
('2023-10-08', '2023', 'Q4', 10, 40, 0, 7),
('2023-10-09', '2023', 'Q4', 10, 41, 1, 1),
('2023-10-10', '2023', 'Q4', 10, 41, 1, 2),
('2023-10-11', '2023', 'Q4', 10, 41, 1, 3),
('2023-10-12', '2023', 'Q4', 10, 41, 1, 4),
('2023-10-13', '2023', 'Q4', 10, 41, 1, 5),
('2023-10-14', '2023', 'Q4', 10, 41, 0, 6),
('2023-10-15', '2023', 'Q4', 10, 41, 0, 7),
('2023-10-16', '2023', 'Q4', 10, 42, 1, 1),
('2023-10-17', '2023', 'Q4', 10, 42, 1, 2),
('2023-10-18', '2023', 'Q4', 10, 42, 1, 3),
('2023-10-19', '2023', 'Q4', 10, 42, 1, 4),
('2023-10-20', '2023', 'Q4', 10, 42, 1, 5),
('2023-10-21', '2023', 'Q4', 10, 42, 0, 6),
('2023-10-22', '2023', 'Q4', 10, 42, 0, 7),
('2023-10-23', '2023', 'Q4', 10, 43, 0, 1),
('2023-10-24', '2023', 'Q4', 10, 43, 1, 2),
('2023-10-25', '2023', 'Q4', 10, 43, 1, 3),
('2023-10-26', '2023', 'Q4', 10, 43, 1, 4),
('2023-10-27', '2023', 'Q4', 10, 43, 1, 5),
('2023-10-28', '2023', 'Q4', 10, 43, 0, 6),
('2023-10-29', '2023', 'Q4', 10, 43, 0, 7),
('2023-10-30', '2023', 'Q4', 10, 44, 1, 1),
('2023-10-31', '2023', 'Q4', 10, 44, 1, 2),
('2023-11-01', '2023', 'Q4', 11, 44, 1, 3),
('2023-11-02', '2023', 'Q4', 11, 44, 1, 4),
('2023-11-03', '2023', 'Q4', 11, 44, 1, 5),
('2023-11-04', '2023', 'Q4', 11, 44, 0, 6),
('2023-11-05', '2023', 'Q4', 11, 44, 0, 7),
('2023-11-06', '2023', 'Q4', 11, 45, 1, 1),
('2023-11-07', '2023', 'Q4', 11, 45, 1, 2),
('2023-11-08', '2023', 'Q4', 11, 45, 1, 3),
('2023-11-09', '2023', 'Q4', 11, 45, 1, 4),
('2023-11-10', '2023', 'Q4', 11, 45, 1, 5),
('2023-11-11', '2023', 'Q4', 11, 45, 0, 6),
('2023-11-12', '2023', 'Q4', 11, 45, 0, 7),
('2023-11-13', '2023', 'Q4', 11, 46, 1, 1),
('2023-11-14', '2023', 'Q4', 11, 46, 1, 2),
('2023-11-15', '2023', 'Q4', 11, 46, 1, 3),
('2023-11-16', '2023', 'Q4', 11, 46, 1, 4),
('2023-11-17', '2023', 'Q4', 11, 46, 1, 5),
('2023-11-18', '2023', 'Q4', 11, 46, 0, 6),
('2023-11-19', '2023', 'Q4', 11, 46, 0, 7),
('2023-11-20', '2023', 'Q4', 11, 47, 1, 1),
('2023-11-21', '2023', 'Q4', 11, 47, 1, 2),
('2023-11-22', '2023', 'Q4', 11, 47, 1, 3),
('2023-11-23', '2023', 'Q4', 11, 47, 1, 4),
('2023-11-24', '2023', 'Q4', 11, 47, 1, 5),
('2023-11-25', '2023', 'Q4', 11, 47, 0, 6),
('2023-11-26', '2023', 'Q4', 11, 47, 0, 7),
('2023-11-27', '2023', 'Q4', 11, 48, 1, 1),
('2023-11-28', '2023', 'Q4', 11, 48, 1, 2),
('2023-11-29', '2023', 'Q4', 11, 48, 1, 3),
('2023-11-30', '2023', 'Q4', 11, 48, 1, 4),
('2023-12-01', '2023', 'Q4', 12, 48, 1, 5),
('2023-12-02', '2023', 'Q4', 12, 48, 0, 6),
('2023-12-03', '2023', 'Q4', 12, 48, 0, 7),
('2023-12-04', '2023', 'Q4', 12, 49, 1, 1),
('2023-12-05', '2023', 'Q4', 12, 49, 1, 2),
('2023-12-06', '2023', 'Q4', 12, 49, 1, 3),
('2023-12-07', '2023', 'Q4', 12, 49, 1, 4),
('2023-12-08', '2023', 'Q4', 12, 49, 1, 5),
('2023-12-09', '2023', 'Q4', 12, 49, 0, 6),
('2023-12-10', '2023', 'Q4', 12, 49, 0, 7),
('2023-12-11', '2023', 'Q4', 12, 50, 1, 1),
('2023-12-12', '2023', 'Q4', 12, 50, 1, 2),
('2023-12-13', '2023', 'Q4', 12, 50, 1, 3),
('2023-12-14', '2023', 'Q4', 12, 50, 1, 4),
('2023-12-15', '2023', 'Q4', 12, 50, 1, 5),
('2023-12-16', '2023', 'Q4', 12, 50, 0, 6),
('2023-12-17', '2023', 'Q4', 12, 50, 0, 7),
('2023-12-18', '2023', 'Q4', 12, 51, 1, 1),
('2023-12-19', '2023', 'Q4', 12, 51, 1, 2),
('2023-12-20', '2023', 'Q4', 12, 51, 1, 3),
('2023-12-21', '2023', 'Q4', 12, 51, 1, 4),
('2023-12-22', '2023', 'Q4', 12, 51, 1, 5),
('2023-12-23', '2023', 'Q4', 12, 51, 0, 6),
('2023-12-24', '2023', 'Q4', 12, 51, 0, 7),
('2023-12-25', '2023', 'Q4', 12, 52, 0, 1),
('2023-12-26', '2023', 'Q4', 12, 52, 0, 2),
('2023-12-27', '2023', 'Q4', 12, 52, 1, 3),
('2023-12-28', '2023', 'Q4', 12, 52, 1, 4),
('2023-12-29', '2023', 'Q4', 12, 52, 1, 5),
('2023-12-30', '2023', 'Q4', 12, 52, 0, 6),
('2023-12-31', '2023', 'Q4', 12, 52, 0, 7),
('2024-01-01', '2024', 'Q1', 1, 01, 0, 1),
('2024-01-02', '2024', 'Q1', 1, 01, 0, 2),
('2024-01-03', '2024', 'Q1', 1, 01, 1, 3),
('2024-01-04', '2024', 'Q1', 1, 01, 1, 4),
('2024-01-05', '2024', 'Q1', 1, 01, 1, 5),
('2024-01-06', '2024', 'Q1', 1, 01, 0, 6),
('2024-01-07', '2024', 'Q1', 1, 01, 0, 7),
('2024-01-08', '2024', 'Q1', 1, 02, 1, 1),
('2024-01-09', '2024', 'Q1', 1, 02, 1, 2),
('2024-01-10', '2024', 'Q1', 1, 02, 1, 3),
('2024-01-11', '2024', 'Q1', 1, 02, 1, 4),
('2024-01-12', '2024', 'Q1', 1, 02, 1, 5),
('2024-01-13', '2024', 'Q1', 1, 02, 0, 6),
('2024-01-14', '2024', 'Q1', 1, 02, 0, 7),
('2024-01-15', '2024', 'Q1', 1, 03, 1, 1),
('2024-01-16', '2024', 'Q1', 1, 03, 1, 2),
('2024-01-17', '2024', 'Q1', 1, 03, 1, 3),
('2024-01-18', '2024', 'Q1', 1, 03, 1, 4),
('2024-01-19', '2024', 'Q1', 1, 03, 1, 5),
('2024-01-20', '2024', 'Q1', 1, 03, 0, 6),
('2024-01-21', '2024', 'Q1', 1, 03, 0, 7),
('2024-01-22', '2024', 'Q1', 1, 04, 1, 1),
('2024-01-23', '2024', 'Q1', 1, 04, 1, 2),
('2024-01-24', '2024', 'Q1', 1, 04, 1, 3),
('2024-01-25', '2024', 'Q1', 1, 04, 1, 4),
('2024-01-26', '2024', 'Q1', 1, 04, 1, 5),
('2024-01-27', '2024', 'Q1', 1, 04, 0, 6),
('2024-01-28', '2024', 'Q1', 1, 04, 0, 7),
('2024-01-29', '2024', 'Q1', 1, 05, 1, 1),
('2024-01-30', '2024', 'Q1', 1, 05, 1, 2),
('2024-01-31', '2024', 'Q1', 1, 05, 1, 3),
('2024-02-01', '2024', 'Q1', 2, 05, 1, 4),
('2024-02-02', '2024', 'Q1', 2, 05, 1, 5),
('2024-02-03', '2024', 'Q1', 2, 05, 0, 6),
('2024-02-04', '2024', 'Q1', 2, 05, 0, 7),
('2024-02-05', '2024', 'Q1', 2, 06, 1, 1),
('2024-02-06', '2024', 'Q1', 2, 06, 0, 2),
('2024-02-07', '2024', 'Q1', 2, 06, 1, 3),
('2024-02-08', '2024', 'Q1', 2, 06, 1, 4),
('2024-02-09', '2024', 'Q1', 2, 06, 1, 5),
('2024-02-10', '2024', 'Q1', 2, 06, 0, 6),
('2024-02-11', '2024', 'Q1', 2, 06, 0, 7),
('2024-02-12', '2024', 'Q1', 2, 07, 1, 1),
('2024-02-13', '2024', 'Q1', 2, 07, 1, 2),
('2024-02-14', '2024', 'Q1', 2, 07, 1, 3),
('2024-02-15', '2024', 'Q1', 2, 07, 1, 4),
('2024-02-16', '2024', 'Q1', 2, 07, 1, 5),
('2024-02-17', '2024', 'Q1', 2, 07, 0, 6),
('2024-02-18', '2024', 'Q1', 2, 07, 0, 7),
('2024-02-19', '2024', 'Q1', 2, 08, 1, 1),
('2024-02-20', '2024', 'Q1', 2, 08, 1, 2),
('2024-02-21', '2024', 'Q1', 2, 08, 1, 3),
('2024-02-22', '2024', 'Q1', 2, 08, 1, 4),
('2024-02-23', '2024', 'Q1', 2, 08, 1, 5),
('2024-02-24', '2024', 'Q1', 2, 08, 0, 6),
('2024-02-25', '2024', 'Q1', 2, 08, 0, 7),
('2024-02-26', '2024', 'Q1', 2, 09, 1, 1),
('2024-02-27', '2024', 'Q1', 2, 09, 1, 2),
('2024-02-28', '2024', 'Q1', 2, 09, 1, 3),
('2024-02-29', '2024', 'Q1', 2, 09, 1, 4),
('2024-03-01', '2024', 'Q1', 3, 09, 1, 5),
('2024-03-02', '2024', 'Q1', 3, 09, 0, 6),
('2024-03-03', '2024', 'Q1', 3, 09, 0, 7),
('2024-03-04', '2024', 'Q1', 3, 10, 1, 1),
('2024-03-05', '2024', 'Q1', 3, 10, 1, 2),
('2024-03-06', '2024', 'Q1', 3, 10, 1, 3),
('2024-03-07', '2024', 'Q1', 3, 10, 1, 4),
('2024-03-08', '2024', 'Q1', 3, 10, 1, 5),
('2024-03-09', '2024', 'Q1', 3, 10, 0, 6),
('2024-03-10', '2024', 'Q1', 3, 10, 0, 7),
('2024-03-11', '2024', 'Q1', 3, 11, 1, 1),
('2024-03-12', '2024', 'Q1', 3, 11, 1, 2),
('2024-03-13', '2024', 'Q1', 3, 11, 1, 3),
('2024-03-14', '2024', 'Q1', 3, 11, 1, 4),
('2024-03-15', '2024', 'Q1', 3, 11, 1, 5),
('2024-03-16', '2024', 'Q1', 3, 11, 0, 6),
('2024-03-17', '2024', 'Q1', 3, 11, 0, 7),
('2024-03-18', '2024', 'Q1', 3, 12, 1, 1),
('2024-03-19', '2024', 'Q1', 3, 12, 1, 2),
('2024-03-20', '2024', 'Q1', 3, 12, 1, 3),
('2024-03-21', '2024', 'Q1', 3, 12, 1, 4),
('2024-03-22', '2024', 'Q1', 3, 12, 1, 5),
('2024-03-23', '2024', 'Q1', 3, 12, 0, 6),
('2024-03-24', '2024', 'Q1', 3, 12, 0, 7),
('2024-03-25', '2024', 'Q1', 3, 13, 1, 1),
('2024-03-26', '2024', 'Q1', 3, 13, 1, 2),
('2024-03-27', '2024', 'Q1', 3, 13, 1, 3),
('2024-03-28', '2024', 'Q1', 3, 13, 1, 4),
('2024-03-29', '2024', 'Q1', 3, 13, 0, 5),
('2024-03-30', '2024', 'Q1', 3, 13, 0, 6),
('2024-03-31', '2024', 'Q1', 3, 13, 0, 7),
('2024-04-01', '2024', 'Q2', 4, 14, 0, 1),
('2024-04-02', '2024', 'Q2', 4, 14, 1, 2),
('2024-04-03', '2024', 'Q2', 4, 14, 1, 3),
('2024-04-04', '2024', 'Q2', 4, 14, 1, 4),
('2024-04-05', '2024', 'Q2', 4, 14, 1, 5),
('2024-04-06', '2024', 'Q2', 4, 14, 0, 6),
('2024-04-07', '2024', 'Q2', 4, 14, 0, 7),
('2024-04-08', '2024', 'Q2', 4, 15, 1, 1),
('2024-04-09', '2024', 'Q2', 4, 15, 1, 2),
('2024-04-10', '2024', 'Q2', 4, 15, 1, 3),
('2024-04-11', '2024', 'Q2', 4, 15, 1, 4),
('2024-04-12', '2024', 'Q2', 4, 15, 1, 5),
('2024-04-13', '2024', 'Q2', 4, 15, 0, 6),
('2024-04-14', '2024', 'Q2', 4, 15, 0, 7),
('2024-04-15', '2024', 'Q2', 4, 16, 1, 1),
('2024-04-16', '2024', 'Q2', 4, 16, 1, 2),
('2024-04-17', '2024', 'Q2', 4, 16, 1, 3),
('2024-04-18', '2024', 'Q2', 4, 16, 1, 4),
('2024-04-19', '2024', 'Q2', 4, 16, 1, 5),
('2024-04-20', '2024', 'Q2', 4, 16, 0, 6),
('2024-04-21', '2024', 'Q2', 4, 16, 0, 7),
('2024-04-22', '2024', 'Q2', 4, 17, 1, 1),
('2024-04-23', '2024', 'Q2', 4, 17, 1, 2),
('2024-04-24', '2024', 'Q2', 4, 17, 1, 3),
('2024-04-25', '2024', 'Q2', 4, 17, 0, 4),
('2024-04-26', '2024', 'Q2', 4, 17, 1, 5),
('2024-04-27', '2024', 'Q2', 4, 17, 0, 6),
('2024-04-28', '2024', 'Q2', 4, 17, 0, 7),
('2024-04-29', '2024', 'Q2', 4, 18, 1, 1),
('2024-04-30', '2024', 'Q2', 4, 18, 1, 2),
('2024-05-01', '2024', 'Q2', 5, 18, 1, 3),
('2024-05-02', '2024', 'Q2', 5, 18, 1, 4),
('2024-05-03', '2024', 'Q2', 5, 18, 1, 5),
('2024-05-04', '2024', 'Q2', 5, 18, 0, 6),
('2024-05-05', '2024', 'Q2', 5, 18, 0, 7),
('2024-05-06', '2024', 'Q2', 5, 19, 1, 1),
('2024-05-07', '2024', 'Q2', 5, 19, 1, 2),
('2024-05-08', '2024', 'Q2', 5, 19, 1, 3),
('2024-05-09', '2024', 'Q2', 5, 19, 1, 4),
('2024-05-10', '2024', 'Q2', 5, 19, 1, 5),
('2024-05-11', '2024', 'Q2', 5, 19, 0, 6),
('2024-05-12', '2024', 'Q2', 5, 19, 0, 7),
('2024-05-13', '2024', 'Q2', 5, 20, 1, 1),
('2024-05-14', '2024', 'Q2', 5, 20, 1, 2),
('2024-05-15', '2024', 'Q2', 5, 20, 1, 3),
('2024-05-16', '2024', 'Q2', 5, 20, 1, 4),
('2024-05-17', '2024', 'Q2', 5, 20, 1, 5),
('2024-05-18', '2024', 'Q2', 5, 20, 0, 6),
('2024-05-19', '2024', 'Q2', 5, 20, 0, 7),
('2024-05-20', '2024', 'Q2', 5, 21, 1, 1),
('2024-05-21', '2024', 'Q2', 5, 21, 1, 2),
('2024-05-22', '2024', 'Q2', 5, 21, 1, 3),
('2024-05-23', '2024', 'Q2', 5, 21, 1, 4),
('2024-05-24', '2024', 'Q2', 5, 21, 1, 5),
('2024-05-25', '2024', 'Q2', 5, 21, 0, 6),
('2024-05-26', '2024', 'Q2', 5, 21, 0, 7),
('2024-05-27', '2024', 'Q2', 5, 22, 1, 1),
('2024-05-28', '2024', 'Q2', 5, 22, 1, 2),
('2024-05-29', '2024', 'Q2', 5, 22, 1, 3),
('2024-05-30', '2024', 'Q2', 5, 22, 1, 4),
('2024-05-31', '2024', 'Q2', 5, 22, 1, 5),
('2024-06-01', '2024', 'Q2', 6, 22, 0, 6),
('2024-06-02', '2024', 'Q2', 6, 22, 0, 7),
('2024-06-03', '2024', 'Q2', 6, 23, 0, 1),
('2024-06-04', '2024', 'Q2', 6, 23, 1, 2),
('2024-06-05', '2024', 'Q2', 6, 23, 1, 3),
('2024-06-06', '2024', 'Q2', 6, 23, 1, 4),
('2024-06-07', '2024', 'Q2', 6, 23, 1, 5),
('2024-06-08', '2024', 'Q2', 6, 23, 0, 6),
('2024-06-09', '2024', 'Q2', 6, 23, 0, 7),
('2024-06-10', '2024', 'Q2', 6, 24, 1, 1),
('2024-06-11', '2024', 'Q2', 6, 24, 1, 2),
('2024-06-12', '2024', 'Q2', 6, 24, 1, 3),
('2024-06-13', '2024', 'Q2', 6, 24, 1, 4),
('2024-06-14', '2024', 'Q2', 6, 24, 1, 5),
('2024-06-15', '2024', 'Q2', 6, 24, 0, 6),
('2024-06-16', '2024', 'Q2', 6, 24, 0, 7),
('2024-06-17', '2024', 'Q2', 6, 25, 1, 1),
('2024-06-18', '2024', 'Q2', 6, 25, 1, 2),
('2024-06-19', '2024', 'Q2', 6, 25, 1, 3),
('2024-06-20', '2024', 'Q2', 6, 25, 1, 4),
('2024-06-21', '2024', 'Q2', 6, 25, 1, 5),
('2024-06-22', '2024', 'Q2', 6, 25, 0, 6),
('2024-06-23', '2024', 'Q2', 6, 25, 0, 7),
('2024-06-24', '2024', 'Q2', 6, 26, 1, 1),
('2024-06-25', '2024', 'Q2', 6, 26, 1, 2),
('2024-06-26', '2024', 'Q2', 6, 26, 1, 3),
('2024-06-27', '2024', 'Q2', 6, 26, 1, 4),
('2024-06-28', '2024', 'Q2', 6, 26, 0, 5),
('2024-06-29', '2024', 'Q2', 6, 26, 0, 6),
('2024-06-30', '2024', 'Q2', 6, 26, 0, 7),
('2024-07-01', '2024', 'Q3', 7, 27, 1, 1),
('2024-07-02', '2024', 'Q3', 7, 27, 1, 2),
('2024-07-03', '2024', 'Q3', 7, 27, 1, 3),
('2024-07-04', '2024', 'Q3', 7, 27, 1, 4),
('2024-07-05', '2024', 'Q3', 7, 27, 1, 5),
('2024-07-06', '2024', 'Q3', 7, 27, 0, 6),
('2024-07-07', '2024', 'Q3', 7, 27, 0, 7),
('2024-07-08', '2024', 'Q3', 7, 28, 1, 1),
('2024-07-09', '2024', 'Q3', 7, 28, 1, 2),
('2024-07-10', '2024', 'Q3', 7, 28, 1, 3),
('2024-07-11', '2024', 'Q3', 7, 28, 1, 4),
('2024-07-12', '2024', 'Q3', 7, 28, 1, 5),
('2024-07-13', '2024', 'Q3', 7, 28, 0, 6),
('2024-07-14', '2024', 'Q3', 7, 28, 0, 7),
('2024-07-15', '2024', 'Q3', 7, 29, 1, 1),
('2024-07-16', '2024', 'Q3', 7, 29, 1, 2),
('2024-07-17', '2024', 'Q3', 7, 29, 1, 3),
('2024-07-18', '2024', 'Q3', 7, 29, 1, 4),
('2024-07-19', '2024', 'Q3', 7, 29, 1, 5),
('2024-07-20', '2024', 'Q3', 7, 29, 0, 6),
('2024-07-21', '2024', 'Q3', 7, 29, 0, 7),
('2024-07-22', '2024', 'Q3', 7, 30, 1, 1),
('2024-07-23', '2024', 'Q3', 7, 30, 1, 2),
('2024-07-24', '2024', 'Q3', 7, 30, 1, 3),
('2024-07-25', '2024', 'Q3', 7, 30, 1, 4),
('2024-07-26', '2024', 'Q3', 7, 30, 1, 5),
('2024-07-27', '2024', 'Q3', 7, 30, 0, 6),
('2024-07-28', '2024', 'Q3', 7, 30, 0, 7),
('2024-07-29', '2024', 'Q3', 7, 31, 1, 1),
('2024-07-30', '2024', 'Q3', 7, 31, 1, 2),
('2024-07-31', '2024', 'Q3', 7, 31, 1, 3),
('2024-08-01', '2024', 'Q3', 8, 31, 1, 4),
('2024-08-02', '2024', 'Q3', 8, 31, 1, 5),
('2024-08-03', '2024', 'Q3', 8, 31, 0, 6),
('2024-08-04', '2024', 'Q3', 8, 31, 0, 7),
('2024-08-05', '2024', 'Q3', 8, 32, 1, 1),
('2024-08-06', '2024', 'Q3', 8, 32, 1, 2),
('2024-08-07', '2024', 'Q3', 8, 32, 1, 3),
('2024-08-08', '2024', 'Q3', 8, 32, 1, 4),
('2024-08-09', '2024', 'Q3', 8, 32, 1, 5),
('2024-08-10', '2024', 'Q3', 8, 32, 0, 6),
('2024-08-11', '2024', 'Q3', 8, 32, 0, 7),
('2024-08-12', '2024', 'Q3', 8, 33, 1, 1),
('2024-08-13', '2024', 'Q3', 8, 33, 1, 2),
('2024-08-14', '2024', 'Q3', 8, 33, 1, 3),
('2024-08-15', '2024', 'Q3', 8, 33, 1, 4),
('2024-08-16', '2024', 'Q3', 8, 33, 1, 5),
('2024-08-17', '2024', 'Q3', 8, 33, 0, 6),
('2024-08-18', '2024', 'Q3', 8, 33, 0, 7),
('2024-08-19', '2024', 'Q3', 8, 34, 1, 1),
('2024-08-20', '2024', 'Q3', 8, 34, 1, 2),
('2024-08-21', '2024', 'Q3', 8, 34, 1, 3),
('2024-08-22', '2024', 'Q3', 8, 34, 1, 4),
('2024-08-23', '2024', 'Q3', 8, 34, 1, 5),
('2024-08-24', '2024', 'Q3', 8, 34, 0, 6),
('2024-08-25', '2024', 'Q3', 8, 34, 0, 7),
('2024-08-26', '2024', 'Q3', 8, 35, 1, 1),
('2024-08-27', '2024', 'Q3', 8, 35, 1, 2),
('2024-08-28', '2024', 'Q3', 8, 35, 1, 3),
('2024-08-29', '2024', 'Q3', 8, 35, 1, 4),
('2024-08-30', '2024', 'Q3', 8, 35, 1, 5),
('2024-08-31', '2024', 'Q3', 8, 35, 0, 6),
('2024-09-01', '2024', 'Q3', 9, 35, 0, 7),
('2024-09-02', '2024', 'Q3', 9, 36, 1, 1),
('2024-09-03', '2024', 'Q3', 9, 36, 1, 2),
('2024-09-04', '2024', 'Q3', 9, 36, 1, 3),
('2024-09-05', '2024', 'Q3', 9, 36, 1, 4),
('2024-09-06', '2024', 'Q3', 9, 36, 1, 5),
('2024-09-07', '2024', 'Q3', 9, 36, 0, 6),
('2024-09-08', '2024', 'Q3', 9, 36, 0, 7),
('2024-09-09', '2024', 'Q3', 9, 37, 1, 1),
('2024-09-10', '2024', 'Q3', 9, 37, 1, 2),
('2024-09-11', '2024', 'Q3', 9, 37, 1, 3),
('2024-09-12', '2024', 'Q3', 9, 37, 1, 4),
('2024-09-13', '2024', 'Q3', 9, 37, 1, 5),
('2024-09-14', '2024', 'Q3', 9, 37, 0, 6),
('2024-09-15', '2024', 'Q3', 9, 37, 0, 7),
('2024-09-16', '2024', 'Q3', 9, 38, 1, 1),
('2024-09-17', '2024', 'Q3', 9, 38, 1, 2),
('2024-09-18', '2024', 'Q3', 9, 38, 1, 3),
('2024-09-19', '2024', 'Q3', 9, 38, 1, 4),
('2024-09-20', '2024', 'Q3', 9, 38, 1, 5),
('2024-09-21', '2024', 'Q3', 9, 38, 0, 6),
('2024-09-22', '2024', 'Q3', 9, 38, 0, 7),
('2024-09-23', '2024', 'Q3', 9, 39, 1, 1),
('2024-09-24', '2024', 'Q3', 9, 39, 1, 2),
('2024-09-25', '2024', 'Q3', 9, 39, 1, 3),
('2024-09-26', '2024', 'Q3', 9, 39, 1, 4),
('2024-09-27', '2024', 'Q3', 9, 39, 1, 5),
('2024-09-28', '2024', 'Q3', 9, 39, 0, 6),
('2024-09-29', '2024', 'Q3', 9, 39, 0, 7),
('2024-09-30', '2024', 'Q3', 9, 40, 1, 1),
('2024-10-01', '2024', 'Q4', 10, 40, 1, 2),
('2024-10-02', '2024', 'Q4', 10, 40, 1, 3),
('2024-10-03', '2024', 'Q4', 10, 40, 1, 4),
('2024-10-04', '2024', 'Q4', 10, 40, 1, 5),
('2024-10-05', '2024', 'Q4', 10, 40, 0, 6),
('2024-10-06', '2024', 'Q4', 10, 40, 0, 7),
('2024-10-07', '2024', 'Q4', 10, 41, 1, 1),
('2024-10-08', '2024', 'Q4', 10, 41, 1, 2),
('2024-10-09', '2024', 'Q4', 10, 41, 1, 3),
('2024-10-10', '2024', 'Q4', 10, 41, 1, 4),
('2024-10-11', '2024', 'Q4', 10, 41, 1, 5),
('2024-10-12', '2024', 'Q4', 10, 41, 0, 6),
('2024-10-13', '2024', 'Q4', 10, 41, 0, 7),
('2024-10-14', '2024', 'Q4', 10, 42, 1, 1),
('2024-10-15', '2024', 'Q4', 10, 42, 1, 2),
('2024-10-16', '2024', 'Q4', 10, 42, 1, 3),
('2024-10-17', '2024', 'Q4', 10, 42, 1, 4),
('2024-10-18', '2024', 'Q4', 10, 42, 1, 5),
('2024-10-19', '2024', 'Q4', 10, 42, 0, 6),
('2024-10-20', '2024', 'Q4', 10, 42, 0, 7),
('2024-10-21', '2024', 'Q4', 10, 43, 1, 1),
('2024-10-22', '2024', 'Q4', 10, 43, 1, 2),
('2024-10-23', '2024', 'Q4', 10, 43, 1, 3),
('2024-10-24', '2024', 'Q4', 10, 43, 1, 4),
('2024-10-25', '2024', 'Q4', 10, 43, 1, 5),
('2024-10-26', '2024', 'Q4', 10, 43, 0, 6),
('2024-10-27', '2024', 'Q4', 10, 43, 0, 7),
('2024-10-28', '2024', 'Q4', 10, 44, 0, 1),
('2024-10-29', '2024', 'Q4', 10, 44, 1, 2),
('2024-10-30', '2024', 'Q4', 10, 44, 1, 3),
('2024-10-31', '2024', 'Q4', 10, 44, 1, 4),
('2024-11-01', '2024', 'Q4', 11, 44, 1, 5),
('2024-11-02', '2024', 'Q4', 11, 44, 0, 6),
('2024-11-03', '2024', 'Q4', 11, 44, 0, 7),
('2024-11-04', '2024', 'Q4', 11, 45, 1, 1),
('2024-11-05', '2024', 'Q4', 11, 45, 1, 2),
('2024-11-06', '2024', 'Q4', 11, 45, 1, 3),
('2024-11-07', '2024', 'Q4', 11, 45, 1, 4),
('2024-11-08', '2024', 'Q4', 11, 45, 1, 5),
('2024-11-09', '2024', 'Q4', 11, 45, 0, 6),
('2024-11-10', '2024', 'Q4', 11, 45, 0, 7),
('2024-11-11', '2024', 'Q4', 11, 46, 1, 1),
('2024-11-12', '2024', 'Q4', 11, 46, 1, 2),
('2024-11-13', '2024', 'Q4', 11, 46, 1, 3),
('2024-11-14', '2024', 'Q4', 11, 46, 1, 4),
('2024-11-15', '2024', 'Q4', 11, 46, 1, 5),
('2024-11-16', '2024', 'Q4', 11, 46, 0, 6),
('2024-11-17', '2024', 'Q4', 11, 46, 0, 7),
('2024-11-18', '2024', 'Q4', 11, 47, 1, 1),
('2024-11-19', '2024', 'Q4', 11, 47, 1, 2),
('2024-11-20', '2024', 'Q4', 11, 47, 1, 3),
('2024-11-21', '2024', 'Q4', 11, 47, 1, 4),
('2024-11-22', '2024', 'Q4', 11, 47, 1, 5),
('2024-11-23', '2024', 'Q4', 11, 47, 0, 6),
('2024-11-24', '2024', 'Q4', 11, 47, 0, 7),
('2024-11-25', '2024', 'Q4', 11, 48, 1, 1),
('2024-11-26', '2024', 'Q4', 11, 48, 1, 2),
('2024-11-27', '2024', 'Q4', 11, 48, 1, 3),
('2024-11-28', '2024', 'Q4', 11, 48, 1, 4),
('2024-11-29', '2024', 'Q4', 11, 48, 1, 5),
('2024-11-30', '2024', 'Q4', 11, 48, 0, 6),
('2024-12-01', '2024', 'Q4', 12, 48, 0, 7),
('2024-12-02', '2024', 'Q4', 12, 49, 1, 1),
('2024-12-03', '2024', 'Q4', 12, 49, 1, 2),
('2024-12-04', '2024', 'Q4', 12, 49, 1, 3),
('2024-12-05', '2024', 'Q4', 12, 49, 1, 4),
('2024-12-06', '2024', 'Q4', 12, 49, 1, 5),
('2024-12-07', '2024', 'Q4', 12, 49, 0, 6),
('2024-12-08', '2024', 'Q4', 12, 49, 0, 7),
('2024-12-09', '2024', 'Q4', 12, 50, 1, 1),
('2024-12-10', '2024', 'Q4', 12, 50, 1, 2),
('2024-12-11', '2024', 'Q4', 12, 50, 1, 3),
('2024-12-12', '2024', 'Q4', 12, 50, 1, 4),
('2024-12-13', '2024', 'Q4', 12, 50, 1, 5),
('2024-12-14', '2024', 'Q4', 12, 50, 0, 6),
('2024-12-15', '2024', 'Q4', 12, 50, 0, 7),
('2024-12-16', '2024', 'Q4', 12, 51, 1, 1),
('2024-12-17', '2024', 'Q4', 12, 51, 1, 2),
('2024-12-18', '2024', 'Q4', 12, 51, 1, 3),
('2024-12-19', '2024', 'Q4', 12, 51, 1, 4),
('2024-12-20', '2024', 'Q4', 12, 51, 1, 5),
('2024-12-21', '2024', 'Q4', 12, 51, 0, 6),
('2024-12-22', '2024', 'Q4', 12, 51, 0, 7),
('2024-12-23', '2024', 'Q4', 12, 52, 1, 1),
('2024-12-24', '2024', 'Q4', 12, 52, 1, 2),
('2024-12-25', '2024', 'Q4', 12, 52, 0, 3),
('2024-12-26', '2024', 'Q4', 12, 52, 0, 4),
('2024-12-27', '2024', 'Q4', 12, 52, 1, 5),
('2024-12-28', '2024', 'Q4', 12, 52, 0, 6),
('2024-12-29', '2024', 'Q4', 12, 52, 0, 7),
('2024-12-30', '2024', 'Q4', 12, 53, 1, 1),
('2024-12-31', '2024', 'Q4', 12, 53, 1, 2)
;

INSERT INTO holiday (date, holiday_desc, eligibility) VALUES
('2019-01-01', 'New Year s Day', 1),
('2019-01-02', 'Day after New Year s Day', 1),
('2019-01-21', 'Wellington Anniversary', 0),
('2019-01-28', 'Auckland Anniversary', 0),
('2019-02-04', 'Nelson Anniversary', 0),
('2019-02-06', 'Waitangi Day', 1),
('2019-03-11', 'Taranaki Anniversary', 0),
('2019-03-25', 'Otago Anniversary', 0),
('2019-04-07', 'Daylight Saving ends', 0),
('2019-04-19', 'Good Friday', 1),
('2019-04-22', 'Easter Monday', 1),
('2019-04-23', 'Easter Tuesday', 0),
('2019-04-23', 'Southland Anniversary', 0),
('2019-04-25', 'Anzac Day', 1),
('2019-06-03', 'Queen s Birthday', 1),
('2019-09-23', 'South Canterbury Anniversary', 0),
('2019-09-29', 'Daylight Saving starts', 0),
('2019-10-25', 'Hawke s Bay Anniversary', 0),
('2019-10-28', 'Labour Day', 1),
('2019-11-04', 'Marlborough Anniversary', 0),
('2019-11-15', 'Canterbury Anniversary', 1),
('2019-12-02', 'Westland Anniversary', 0),
('2019-12-02', 'Chatham Islands Anniversary', 0),
('2019-12-25', 'Christmas Day', 1),
('2019-12-26', 'Boxing Day', 1),
('2020-01-01', 'New Year s Day', 1),
('2020-01-02', 'Day after New Year s Day', 1),
('2020-01-20', 'Wellington Anniversary', 0),
('2020-01-27', 'Auckland Anniversary', 0),
('2020-02-03', 'Nelson Anniversary', 0),
('2020-02-06', 'Waitangi Day', 1),
('2020-03-09', 'Taranaki Anniversary', 0),
('2020-03-23', 'Otago Anniversary', 0),
('2020-04-05', 'Daylight Saving ends', 0),
('2020-04-10', 'Good Friday', 1),
('2020-04-13', 'Easter Monday', 1),
('2020-04-14', 'Easter Tuesday', 0),
('2020-04-14', 'Southland Anniversary', 0),
('2020-04-27', 'Anzac Day', 1),
('2020-06-01', 'Queen s Birthday', 1),
('2020-09-28', 'South Canterbury Anniversary', 0),
('2020-09-27', 'Daylight Saving starts', 0),
('2020-10-23', 'Hawke s Bay Anniversary', 0),
('2020-10-26', 'Labour Day', 1),
('2020-11-02', 'Marlborough Anniversary', 0),
('2020-11-13', 'Canterbury Anniversary', 1),
('2020-11-30', 'Chatham Islands Anniversary', 0),
('2020-11-30', 'Westland Anniversary', 0),
('2020-12-25', 'Christmas Day', 1),
('2020-12-28', 'Boxing Day', 1),
('2021-01-01', 'New Year s Day', 1),
('2021-01-04', 'Day after New Year s Day', 1),
('2021-01-25', 'Wellington Anniversary', 0),
('2021-02-01', 'Auckland Anniversary', 0),
('2021-02-01', 'Nelson Anniversary', 0),
('2021-02-08', 'Waitangi Day', 1),
('2021-03-08', 'Taranaki Anniversary', 0),
('2021-03-22', 'Otago Anniversary', 0),
('2021-04-04', 'Daylight Saving ends', 0),
('2021-04-02', 'Good Friday', 1),
('2021-04-05', 'Easter Monday', 1),
('2021-04-06', 'Easter Tuesday', 0),
('2021-04-06', 'Southland Anniversary', 0),
('2021-04-26', 'Anzac Day', 1),
('2021-06-07', 'Queen s Birthday', 1),
('2021-09-27', 'South Canterbury Anniversary', 0),
('2021-09-26', 'Daylight Saving starts', 0),
('2021-10-22', 'Hawke s Bay Anniversary', 0),
('2021-10-25', 'Labour Day', 1),
('2021-11-01', 'Marlborough Anniversary', 0),
('2021-11-12', 'Canterbury Anniversary', 1),
('2021-11-29', 'Chatham Islands Anniversary', 0),
('2021-11-29', 'Westland Anniversary', 0),
('2021-12-27', 'Christmas Day', 1),
('2021-12-28', 'Boxing Day', 1),
('2022-01-03', 'New Year s Day', 1),
('2022-01-04', 'Day after New Year s Day', 1),
('2022-01-24', 'Wellington Anniversary', 0),
('2022-01-31', 'Auckland Anniversary', 0),
('2022-01-31', 'Nelson Anniversary', 0),
('2022-02-07', 'Waitangi Day', 1),
('2022-03-14', 'Taranaki Anniversary', 0),
('2022-03-21', 'Otago Anniversary', 0),
('2022-04-03', 'Daylight Saving ends', 0),
('2022-04-15', 'Good Friday', 1),
('2022-04-18', 'Easter Monday', 1),
('2022-04-19', 'Easter Tuesday', 0),
('2022-04-19', 'Southland Anniversary', 0),
('2022-04-25', 'Anzac Day', 1),
('2022-06-06', 'Queen s Birthday', 1),
('2022-06-24', 'Matariki', 1),
('2022-09-26', 'South Canterbury Anniversary', 0),
('2022-09-25', 'Daylight Saving starts', 0),
('2022-09-26', 'Queen Elizabeth II Memorial Day', 1),
('2022-10-21', 'Hawke s Bay Anniversary', 0),
('2022-10-24', 'Labour Day', 1),
('2022-10-31', 'Marlborough Anniversary', 0),
('2022-11-11', 'Canterbury Anniversary', 1),
('2022-11-28', 'Chatham Islands Anniversary', 0),
('2022-11-28', 'Westland Anniversary', 0),
('2022-12-27', 'Christmas Day', 1),
('2022-12-26', 'Boxing Day', 1),
('2023-01-03', 'New Year s Day', 1),
('2023-01-02', 'Day after New Year s Day', 1),
('2023-01-23', 'Wellington Anniversary', 0),
('2023-01-30', 'Auckland Anniversary', 0),
('2023-01-30', 'Nelson Anniversary', 0),
('2023-02-06', 'Waitangi Day', 1),
('2023-02-06', 'Buller', 0),
('2023-03-13', 'Taranaki Anniversary', 0),
('2023-03-20', 'Otago Anniversary', 0),
('2023-04-02', 'Daylight Saving ends', 0),
('2023-04-07', 'Good Friday', 1),
('2023-04-10', 'Easter Monday', 1),
('2023-04-11', 'Easter Tuesday', 0),
('2023-04-11', 'Southland Anniversary', 0),
('2023-04-25', 'Anzac Day', 1),
('2023-06-05', 'King s Birthday', 1),
('2023-07-14', 'Matariki', 1),
('2023-09-25', 'South Canterbury Anniversary', 0),
('2023-09-24', 'Daylight Saving starts', 0),
('2023-10-20', 'Hawke s Bay Anniversary', 0),
('2023-10-23', 'Labour Day', 1),
('2023-10-30', 'Marlborough Anniversary', 0),
('2023-11-17', 'Canterbury Anniversary', 1),
('2023-11-27', 'Chatham Islands Anniversary', 0),
('2023-12-04', 'Westland Anniversary', 0),
('2023-12-25', 'Christmas Day', 1),
('2023-12-26', 'Boxing Day', 1),
('2024-01-01', 'New Year s Day', 1),
('2024-01-02', 'Day after New Year s Day', 1),
('2024-01-22', 'Wellington Anniversary', 0),
('2024-01-29', 'Auckland Anniversary', 0),
('2024-01-29', 'Nelson Anniversary', 0),
('2024-02-06', 'Waitangi Day', 1),
('2024-03-11', 'Taranaki Anniversary', 0),
('2024-03-25', 'Otago Anniversary', 0),
('2024-03-29', 'Good Friday', 1),
('2024-04-01', 'Easter Monday', 1),
('2024-04-02', 'Easter Tuesday', 0),
('2024-04-02', 'Southland Anniversary', 0),
('2024-04-07', 'Daylight Saving ends', 0),
('2024-04-25', 'Anzac Day', 1),
('2024-06-03', 'King s Birthday', 1),
('2024-06-28', 'Matariki', 1),
('2024-09-23', 'South Canterbury Anniversary', 0),
('2024-09-29', 'Daylight Saving starts', 0),
('2024-10-25', 'Hawke s Bay Anniversary', 0),
('2024-10-28', 'Labour Day', 1),
('2024-11-04', 'Marlborough Anniversary', 0),
('2024-11-15', 'Canterbury Anniversary', 1),
('2024-12-02', 'Chatham Islands Anniversary', 0),
('2024-12-02', 'Westland Anniversary', 0),
('2024-12-25', 'Christmas Day', 1),
('2024-12-26', 'Boxing Day', 1),
('2025-1-1', 'New Year s Day', 1),
('2025-1-2', 'Day after New Year s Day', 1),
('2025-1-20', 'Wellington Anniversary', 0),
('2025-1-27', 'Auckland Anniversary', 0),
('2025-2-3', 'Nelson Anniversary', 0),
('2025-2-6', 'Waitangi Day', 1),
('2025-3-10', 'Taranaki Anniversary', 0),
('2025-3-24', 'Otago Anniversary', 0),
('2025-4-18', 'Good Friday', 1),
('2025-4-21', 'Easter Monday', 1),
('2025-4-22', 'Southland Anniversary', 0),
('2025-4-25', 'Anzac Day', 1),
('2025-6-2', 'King s Birthday', 1),
('2025-6-20', 'Matariki', 1),
('2025-9-22', 'South Canterbury Anniversary', 0),
('2025-10-24', 'Hawke s Bay Anniversary', 0),
('2025-10-27', 'Labour Day', 1),
('2025-11-3', 'Marlborough Anniversary', 0),
('2025-11-14', 'Canterbury Anniversary', 1),
('2025-12-1', 'Chatham Islands Anniversary', 0),
('2025-12-1', 'Westland Anniversary', 0),
('2025-12-25', 'Christmas Day', 1),
('2025-12-26', 'Boxing Day', 1),
('2026-1-1', 'New Year s Day', 1),
('2026-1-2', 'Day after New Year s Day', 1),
('2026-1-19', 'Wellington Anniversary', 0),
('2026-1-26', 'Auckland Anniversary', 0),
('2026-2-2', 'Nelson Anniversary', 0),
('2026-2-6', 'Waitangi Day', 1),
('2026-3-9', 'Taranaki Anniversary', 0),
('2026-3-23', 'Otago Anniversary', 0),
('2026-4-3', 'Good Friday', 1),
('2026-4-6', 'Easter Monday', 1),
('2026-4-7', 'Southland Anniversary', 0),
('2026-4-25', 'Anzac Day', 0),
('2026-4-27', 'Anzac Day Holiday', 1),
('2026-6-1', 'King s Birthday', 1),
('2026-6-10', 'Matariki', 1),
('2026-9-28', 'South Canterbury Anniversary', 0),
('2026-10-23', 'Hawke s Bay Anniversary', 0),
('2026-10-26', 'Labour Day', 1),
('2026-11-2', 'Marlborough Anniversary', 0),
('2026-11-13', 'Canterbury Anniversary', 1),
('2026-11-30', 'Chatham Islands Anniversary', 0),
('2026-11-30', 'Westland Anniversary', 0),
('2026-12-25', 'Christmas Day', 1),
('2026-12-26', 'Boxing Day', 0),
('2026-12-28', 'Boxing Day Holiday', 1)
;

INSERT INTO payroll_fortnight (payroll_fortnight_id, start, end, status, process_date, by_admin) VALUES
('2020Wk02', '2020-01-06', '2020-01-19', 1, '2020-01-20', 8),
('2020Wk04', '2020-01-20', '2020-02-02', 1, '2020-02-03', 8),
('2020Wk06', '2020-02-03', '2020-02-16', 1, '2020-02-17', 8),
('2020Wk08', '2020-02-17', '2020-03-01', 1, '2020-03-02', 2),
('2020Wk10', '2020-03-02', '2020-03-15', 1, '2020-03-16', 8),
('2020Wk12', '2020-03-16', '2020-03-29', 1, '2020-03-30', 7),
('2020Wk14', '2020-03-30', '2020-04-12', 1, '2020-04-13', 8),
('2020Wk16', '2020-04-13', '2020-04-26', 1, '2020-04-27', 3),
('2020Wk18', '2020-04-27', '2020-05-10', 1, '2020-05-11', 7),
('2020Wk20', '2020-05-11', '2020-05-24', 1, '2020-05-25', 8),
('2020Wk22', '2020-05-25', '2020-06-07', 1, '2020-06-08', 8),
('2020Wk24', '2020-06-08', '2020-06-21', 1, '2020-06-22', 2),
('2020Wk26', '2020-06-22', '2020-07-05', 1, '2020-07-06', 8),
('2020Wk28', '2020-07-06', '2020-07-19', 1, '2020-07-20', 8),
('2020Wk30', '2020-07-20', '2020-08-02', 1, '2020-08-03', 8),
('2020Wk32', '2020-08-03', '2020-08-16', 1, '2020-08-17', 8),
('2020Wk34', '2020-08-17', '2020-08-30', 1, '2020-08-31', 2),
('2020Wk36', '2020-08-31', '2020-09-13', 1, '2020-09-14', 7),
('2020Wk38', '2020-09-14', '2020-09-27', 1, '2020-09-28', 7),
('2020Wk40', '2020-09-28', '2020-10-11', 1, '2020-10-12', 2),
('2020Wk42', '2020-10-12', '2020-10-25', 1, '2020-10-26', 7),
('2020Wk44', '2020-10-26', '2020-11-08', 1, '2020-11-09', 7),
('2020Wk46', '2020-11-09', '2020-11-22', 1, '2020-11-23', 2),
('2020Wk48', '2020-11-23', '2020-12-06', 1, '2020-12-07', 7),
('2020Wk50', '2020-12-07', '2020-12-20', 1, '2020-12-21', 3),
('2020Wk52', '2020-12-21', '2021-01-03', 1, '2021-01-04', 7),
('2021Wk01', '2021-01-04', '2021-01-17', 1, '2021-01-18', 7),
('2021Wk03', '2021-01-18', '2021-01-31', 1, '2021-02-01', 8),
('2021Wk05', '2021-02-01', '2021-02-14', 1, '2021-02-15', 7),
('2021Wk07', '2021-02-15', '2021-02-28', 1, '2021-03-01', 7),
('2021Wk09', '2021-03-01', '2021-03-14', 1, '2021-03-15', 7),
('2021Wk11', '2021-03-15', '2021-03-28', 1, '2021-03-29', 8),
('2021Wk13', '2021-03-29', '2021-04-11', 1, '2021-04-12', 3),
('2021Wk15', '2021-04-12', '2021-04-25', 1, '2021-04-26', 3),
('2021Wk17', '2021-04-26', '2021-05-09', 1, '2021-05-10', 3),
('2021Wk19', '2021-05-10', '2021-05-23', 1, '2021-05-24', 7),
('2021Wk21', '2021-05-24', '2021-06-06', 1, '2021-06-07', 8),
('2021Wk23', '2021-06-07', '2021-06-20', 1, '2021-06-21', 8),
('2021Wk25', '2021-06-21', '2021-07-04', 1, '2021-07-05', 2),
('2021Wk27', '2021-07-05', '2021-07-18', 1, '2021-07-19', 3),
('2021Wk29', '2021-07-19', '2021-08-01', 1, '2021-08-02', 8),
('2021Wk31', '2021-08-02', '2021-08-15', 1, '2021-08-16', 8),
('2021Wk33', '2021-08-16', '2021-08-29', 1, '2021-08-30', 7),
('2021Wk35', '2021-08-30', '2021-09-12', 1, '2021-09-13', 2),
('2021Wk37', '2021-09-13', '2021-09-26', 1, '2021-09-27', 7),
('2021Wk39', '2021-09-27', '2021-10-10', 1, '2021-10-11', 8),
('2021Wk41', '2021-10-11', '2021-10-24', 1, '2021-10-25', 2),
('2021Wk43', '2021-10-25', '2021-11-07', 1, '2021-11-08', 7),
('2021Wk45', '2021-11-08', '2021-11-21', 1, '2021-11-22', 2),
('2021Wk47', '2021-11-22', '2021-12-05', 1, '2021-12-06', 7),
('2021Wk49', '2021-12-06', '2021-12-19', 1, '2021-12-20', 8),
('2021Wk51', '2021-12-20', '2022-01-02', 1, '2022-01-03', 2),
('2022Wk01', '2022-01-03', '2022-01-16', 1, '2022-01-17', 3),
('2022Wk03', '2022-01-17', '2022-01-30', 1, '2022-01-31', 8),
('2022Wk05', '2022-01-31', '2022-02-13', 1, '2022-02-14', 8),
('2022Wk07', '2022-02-14', '2022-02-27', 1, '2022-02-28', 3),
('2022Wk09', '2022-02-28', '2022-03-13', 1, '2022-03-14', 3),
('2022Wk11', '2022-03-14', '2022-03-27', 1, '2022-03-28', 8),
('2022Wk13', '2022-03-28', '2022-04-10', 1, '2022-04-11', 3),
('2022Wk15', '2022-04-11', '2022-04-24', 1, '2022-04-25', 8),
('2022Wk17', '2022-04-25', '2022-05-08', 1, '2022-05-09', 7),
('2022Wk19', '2022-05-09', '2022-05-22', 1, '2022-05-23', 3),
('2022Wk21', '2022-05-23', '2022-06-05', 1, '2022-06-06', 7),
('2022Wk23', '2022-06-06', '2022-06-19', 1, '2022-06-20', 7),
('2022Wk25', '2022-06-20', '2022-07-03', 1, '2022-07-04', 7),
('2022Wk27', '2022-07-04', '2022-07-17', 1, '2022-07-18', 8),
('2022Wk29', '2022-07-18', '2022-07-31', 1, '2022-08-01', 8),
('2022Wk31', '2022-08-01', '2022-08-14', 1, '2022-08-15', 8),
('2022Wk33', '2022-08-15', '2022-08-28', 1, '2022-08-29', 8),
('2022Wk35', '2022-08-29', '2022-09-11', 1, '2022-09-12', 7),
('2022Wk37', '2022-09-12', '2022-09-25', 1, '2022-09-26', 7),
('2022Wk39', '2022-09-26', '2022-10-09', 1, '2022-10-10', 8),
('2022Wk41', '2022-10-10', '2022-10-23', 1, '2022-10-24', 7),
('2022Wk43', '2022-10-24', '2022-11-06', 1, '2022-11-07', 8),
('2022Wk45', '2022-11-07', '2022-11-20', 1, '2022-11-21', 2),
('2022Wk47', '2022-11-21', '2022-12-04', 1, '2022-12-05', 8),
('2022Wk49', '2022-12-05', '2022-12-18', 1, '2022-12-19', 7),
('2022Wk51', '2022-12-19', '2023-01-01', 1, '2023-01-02', 2),
('2023Wk01', '2023-01-02', '2023-01-15', 1, '2023-01-16', 2),
('2023Wk03', '2023-01-16', '2023-01-29', 1, '2023-01-30', 8),
('2023Wk05', '2023-01-30', '2023-02-12', 1, '2023-02-13', 2),
('2023Wk07', '2023-02-13', '2023-02-26', 1, '2023-02-27', 7),
('2023Wk09', '2023-02-27', '2023-03-12', 1, '2023-03-13', 2),
('2023Wk11', '2023-03-13', '2023-03-26', 1, '2023-03-27', 2),
('2023Wk13', '2023-03-27', '2023-04-09', 1, '2023-04-10', 8),
('2023Wk15', '2023-04-10', '2023-04-23', 1, '2023-04-24', 8),
('2023Wk17', '2023-04-24', '2023-05-07', 1, '2023-05-08', 3),
('2023Wk19', '2023-05-08', '2023-05-21', 0, NULL, NULL),
('2023Wk21', '2023-05-22', '2023-06-04', 0, NULL, NULL),
('2023Wk23', '2023-06-05', '2023-06-18', 0, NULL, NULL),
('2023Wk25', '2023-06-19', '2023-07-02', 0, NULL, NULL),
('2023Wk27', '2023-07-03', '2023-07-16', 0, NULL, NULL),
('2023Wk29', '2023-07-17', '2023-07-30', 0, NULL, NULL),
('2023Wk31', '2023-07-31', '2023-08-13', 0, NULL, NULL),
('2023Wk33', '2023-08-14', '2023-08-27', 0, NULL, NULL),
('2023Wk35', '2023-08-28', '2023-09-10', 0, NULL, NULL),
('2023Wk37', '2023-09-11', '2023-09-24', 0, NULL, NULL),
('2023Wk39', '2023-09-25', '2023-10-08', 0, NULL, NULL),
('2023Wk41', '2023-10-09', '2023-10-22', 0, NULL, NULL),
('2023Wk43', '2023-10-23', '2023-11-05', 0, NULL, NULL),
('2023Wk45', '2023-11-06', '2023-11-19', 0, NULL, NULL),
('2023Wk47', '2023-11-20', '2023-12-03', 0, NULL, NULL),
('2023Wk49', '2023-12-04', '2023-12-17', 0, NULL, NULL),
('2023Wk51', '2023-12-18', '2023-12-31', 0, NULL, NULL),
('2024Wk01', '2024-01-01', '2024-01-14', 0, NULL, NULL),
('2024Wk03', '2024-01-15', '2024-01-28', 0, NULL, NULL),
('2024Wk05', '2024-01-29', '2024-02-11', 0, NULL, NULL),
('2024Wk07', '2024-02-12', '2024-02-25', 0, NULL, NULL),
('2024Wk09', '2024-02-26', '2024-03-10', 0, NULL, NULL),
('2024Wk11', '2024-03-11', '2024-03-24', 0, NULL, NULL),
('2024Wk13', '2024-03-25', '2024-04-07', 0, NULL, NULL),
('2024Wk15', '2024-04-08', '2024-04-21', 0, NULL, NULL),
('2024Wk17', '2024-04-22', '2024-05-05', 0, NULL, NULL),
('2024Wk19', '2024-05-06', '2024-05-19', 0, NULL, NULL),
('2024Wk21', '2024-05-20', '2024-06-02', 0, NULL, NULL),
('2024Wk23', '2024-06-03', '2024-06-16', 0, NULL, NULL),
('2024Wk25', '2024-06-17', '2024-06-30', 0, NULL, NULL),
('2024Wk27', '2024-07-01', '2024-07-14', 0, NULL, NULL),
('2024Wk29', '2024-07-15', '2024-07-28', 0, NULL, NULL),
('2024Wk31', '2024-07-29', '2024-08-11', 0, NULL, NULL),
('2024Wk33', '2024-08-12', '2024-08-25', 0, NULL, NULL),
('2024Wk35', '2024-08-26', '2024-09-08', 0, NULL, NULL),
('2024Wk37', '2024-09-09', '2024-09-22', 0, NULL, NULL),
('2024Wk39', '2024-09-23', '2024-10-06', 0, NULL, NULL),
('2024Wk41', '2024-10-07', '2024-10-20', 0, NULL, NULL),
('2024Wk43', '2024-10-21', '2024-11-03', 0, NULL, NULL),
('2024Wk45', '2024-11-04', '2024-11-17', 0, NULL, NULL),
('2024Wk47', '2024-11-18', '2024-12-01', 0, NULL, NULL),
('2024Wk49', '2024-12-02', '2024-12-15', 0, NULL, NULL),
('2024Wk51', '2024-12-16', '2024-12-29', 0, NULL, NULL),
('2024Wk53', '2024-12-30', '2025-01-12', 0, NULL, NULL)
;

INSERT INTO leave_increment (payroll_fortnight_id, employee_id, leave_increment) VALUES
('2020Wk02', 1, 8.63),
('2020Wk04', 1, 8.63),
('2020Wk06', 1, 8.63),
('2020Wk08', 1, 8.63),
('2020Wk10', 1, 8.63),
('2020Wk12', 1, 8.63),
('2020Wk14', 1, 8.63),
('2020Wk16', 1, 8.63),
('2020Wk18', 1, 8.63),
('2020Wk20', 1, 8.63),
('2020Wk22', 1, 8.63),
('2020Wk24', 1, 8.63),
('2020Wk26', 1, 8.63),
('2020Wk28', 1, 8.63),
('2020Wk30', 1, 8.63),
('2020Wk32', 1, 8.63),
('2020Wk34', 1, 8.63),
('2020Wk36', 1, 8.63),
('2020Wk38', 1, 8.63),
('2020Wk40', 1, 8.63),
('2020Wk42', 1, 8.63),
('2020Wk44', 1, 8.63),
('2020Wk46', 1, 8.63),
('2020Wk48', 1, 8.63),
('2020Wk50', 1, 8.63),
('2020Wk52', 1, 8.63),
('2021Wk01', 1, 8.63),
('2021Wk03', 1, 8.63),
('2021Wk05', 1, 8.63),
('2021Wk07', 1, 8.63),
('2021Wk09', 1, 8.63),
('2021Wk11', 1, 8.63),
('2021Wk13', 1, 8.63),
('2021Wk15', 1, 8.63),
('2021Wk17', 1, 8.63),
('2021Wk19', 1, 8.63),
('2021Wk21', 1, 8.63),
('2021Wk23', 1, 8.63),
('2021Wk25', 1, 8.63),
('2021Wk27', 1, 8.63),
('2021Wk29', 1, 8.63),
('2021Wk31', 1, 8.63),
('2021Wk33', 1, 8.63),
('2021Wk35', 1, 8.63),
('2021Wk37', 1, 8.63),
('2021Wk39', 1, 8.63),
('2021Wk41', 1, 8.63),
('2021Wk43', 1, 8.63),
('2021Wk45', 1, 8.63),
('2021Wk47', 1, 8.63),
('2021Wk49', 1, 8.63),
('2021Wk51', 1, 8.63),
('2022Wk01', 1, 8.63),
('2022Wk03', 1, 8.63),
('2022Wk05', 1, 8.63),
('2022Wk07', 1, 8.63),
('2022Wk09', 1, 8.63),
('2022Wk11', 1, 8.63),
('2022Wk13', 1, 8.63),
('2022Wk15', 1, 8.63),
('2022Wk17', 1, 8.63),
('2022Wk19', 1, 8.63),
('2022Wk21', 1, 8.63),
('2022Wk23', 1, 8.63),
('2022Wk25', 1, 8.63),
('2022Wk27', 1, 8.63),
('2022Wk29', 1, 8.63),
('2022Wk31', 1, 8.63),
('2022Wk33', 1, 8.63),
('2022Wk35', 1, 8.63),
('2022Wk37', 1, 8.63),
('2022Wk39', 1, 8.63),
('2022Wk41', 1, 8.63),
('2022Wk43', 1, 8.63),
('2022Wk45', 1, 8.63),
('2022Wk47', 1, 8.63),
('2022Wk49', 1, 8.63),
('2022Wk51', 1, 8.63),
('2023Wk01', 1, 8.61),
('2023Wk03', 1, 8.61),
('2023Wk05', 1, 8.61),
('2023Wk07', 1, 8.61),
('2023Wk09', 1, 8.61),
('2023Wk11', 1, 8.61),
('2023Wk13', 1, 8.61),
('2023Wk15', 1, 8.61),
('2023Wk17', 1, 8.61),
('2023Wk19', 1, 8.61),
('2023Wk21', 1, 8.61),
('2023Wk23', 1, 8.61),
('2023Wk25', 1, 8.61),
('2023Wk27', 1, 8.61),
('2023Wk29', 1, 8.61),
('2023Wk31', 1, 8.61),
('2023Wk33', 1, 8.61),
('2023Wk35', 1, 8.61),
('2023Wk37', 1, 8.61),
('2023Wk39', 1, 8.61),
('2023Wk41', 1, 8.61),
('2023Wk43', 1, 8.61),
('2023Wk45', 1, 8.61),
('2023Wk47', 1, 8.61),
('2023Wk49', 1, 8.61),
('2023Wk51', 1, 8.61),
('2024Wk01', 1, 8.63),
('2024Wk03', 1, 8.63),
('2024Wk05', 1, 8.63),
('2024Wk07', 1, 8.63),
('2024Wk09', 1, 8.63),
('2024Wk11', 1, 8.63),
('2024Wk13', 1, 8.63),
('2024Wk15', 1, 8.63),
('2024Wk17', 1, 8.63),
('2024Wk19', 1, 8.63),
('2024Wk21', 1, 8.63),
('2024Wk23', 1, 8.63),
('2024Wk25', 1, 8.63),
('2024Wk27', 1, 8.63),
('2024Wk29', 1, 8.63),
('2024Wk31', 1, 8.63),
('2024Wk33', 1, 8.63),
('2024Wk35', 1, 8.63),
('2024Wk37', 1, 8.63),
('2024Wk39', 1, 8.63),
('2024Wk41', 1, 8.63),
('2024Wk43', 1, 8.63),
('2024Wk45', 1, 8.63),
('2024Wk47', 1, 8.63),
('2024Wk49', 1, 8.63),
('2024Wk51', 1, 8.63),
('2024Wk53', 1, 8.63),
('2020Wk02', 2, 8.61),
('2020Wk04', 2, 8.61),
('2020Wk06', 2, 8.61),
('2020Wk08', 2, 8.61),
('2020Wk10', 2, 8.61),
('2020Wk12', 2, 8.61),
('2020Wk14', 2, 8.61),
('2020Wk16', 2, 8.61),
('2020Wk18', 2, 8.61),
('2020Wk20', 2, 8.61),
('2020Wk22', 2, 8.61),
('2020Wk24', 2, 8.61),
('2020Wk26', 2, 8.61),
('2020Wk28', 2, 8.61),
('2020Wk30', 2, 8.61),
('2020Wk32', 2, 8.61),
('2020Wk34', 2, 8.61),
('2020Wk36', 2, 8.61),
('2020Wk38', 2, 8.61),
('2020Wk40', 2, 8.61),
('2020Wk42', 2, 8.61),
('2020Wk44', 2, 8.61),
('2020Wk46', 2, 8.61),
('2020Wk48', 2, 8.61),
('2020Wk50', 2, 8.61),
('2020Wk52', 2, 8.61),
('2021Wk01', 2, 8.63),
('2021Wk03', 2, 8.63),
('2021Wk05', 2, 8.63),
('2021Wk07', 2, 8.63),
('2021Wk09', 2, 8.63),
('2021Wk11', 2, 8.63),
('2021Wk13', 2, 8.63),
('2021Wk15', 2, 8.63),
('2021Wk17', 2, 8.63),
('2021Wk19', 2, 8.63),
('2021Wk21', 2, 8.63),
('2021Wk23', 2, 8.63),
('2021Wk25', 2, 8.63),
('2021Wk27', 2, 8.63),
('2021Wk29', 2, 8.63),
('2021Wk31', 2, 8.63),
('2021Wk33', 2, 8.63),
('2021Wk35', 2, 8.63),
('2021Wk37', 2, 8.63),
('2021Wk39', 2, 8.63),
('2021Wk41', 2, 8.63),
('2021Wk43', 2, 8.63),
('2021Wk45', 2, 8.63),
('2021Wk47', 2, 8.63),
('2021Wk49', 2, 8.63),
('2021Wk51', 2, 8.63),
('2022Wk01', 2, 8.63),
('2022Wk03', 2, 8.63),
('2022Wk05', 2, 8.63),
('2022Wk07', 2, 8.63),
('2022Wk09', 2, 8.63),
('2022Wk11', 2, 8.63),
('2022Wk13', 2, 8.63),
('2022Wk15', 2, 8.63),
('2022Wk17', 2, 8.63),
('2022Wk19', 2, 8.63),
('2022Wk21', 2, 8.63),
('2022Wk23', 2, 8.63),
('2022Wk25', 2, 8.63),
('2022Wk27', 2, 8.63),
('2022Wk29', 2, 8.63),
('2022Wk31', 2, 8.63),
('2022Wk33', 2, 8.63),
('2022Wk35', 2, 8.63),
('2022Wk37', 2, 8.63),
('2022Wk39', 2, 8.63),
('2022Wk41', 2, 8.63),
('2022Wk43', 2, 8.63),
('2022Wk45', 2, 8.63),
('2022Wk47', 2, 8.63),
('2022Wk49', 2, 8.63),
('2022Wk51', 2, 8.63),
('2023Wk01', 2, 8.63),
('2023Wk03', 2, 8.63),
('2023Wk05', 2, 8.63),
('2023Wk07', 2, 8.63),
('2023Wk09', 2, 8.63),
('2023Wk11', 2, 8.63),
('2023Wk13', 2, 8.63),
('2023Wk15', 2, 8.63),
('2023Wk17', 2, 8.63),
('2023Wk19', 2, 8.63),
('2023Wk21', 2, 8.63),
('2023Wk23', 2, 8.63),
('2023Wk25', 2, 8.63),
('2023Wk27', 2, 8.63),
('2023Wk29', 2, 8.63),
('2023Wk31', 2, 8.63),
('2023Wk33', 2, 8.63),
('2023Wk35', 2, 8.63),
('2023Wk37', 2, 8.63),
('2023Wk39', 2, 8.63),
('2023Wk41', 2, 8.63),
('2023Wk43', 2, 8.63),
('2023Wk45', 2, 8.63),
('2023Wk47', 2, 8.63),
('2023Wk49', 2, 8.63),
('2023Wk51', 2, 8.63),
('2024Wk01', 2, 8.61),
('2024Wk03', 2, 8.61),
('2024Wk05', 2, 8.61),
('2024Wk07', 2, 8.61),
('2024Wk09', 2, 8.61),
('2024Wk11', 2, 8.61),
('2024Wk13', 2, 8.61),
('2024Wk15', 2, 8.61),
('2024Wk17', 2, 8.61),
('2024Wk19', 2, 8.61),
('2024Wk21', 2, 8.61),
('2024Wk23', 2, 8.61),
('2024Wk25', 2, 8.61),
('2024Wk27', 2, 8.61),
('2024Wk29', 2, 8.61),
('2024Wk31', 2, 8.61),
('2024Wk33', 2, 8.61),
('2024Wk35', 2, 8.61),
('2024Wk37', 2, 8.61),
('2024Wk39', 2, 8.61),
('2024Wk41', 2, 8.61),
('2024Wk43', 2, 8.61),
('2024Wk45', 2, 8.61),
('2024Wk47', 2, 8.61),
('2024Wk49', 2, 8.61),
('2024Wk51', 2, 8.61),
('2024Wk53', 2, 8.61),
('2020Wk02', 3, 8.63),
('2020Wk04', 3, 8.63),
('2020Wk06', 3, 8.63),
('2020Wk08', 3, 8.63),
('2020Wk10', 3, 8.63),
('2020Wk12', 3, 8.63),
('2020Wk14', 3, 8.63),
('2020Wk16', 3, 8.63),
('2020Wk18', 3, 8.63),
('2020Wk20', 3, 8.63),
('2020Wk22', 3, 8.63),
('2020Wk24', 3, 8.63),
('2020Wk26', 3, 8.63),
('2020Wk28', 3, 8.63),
('2020Wk30', 3, 8.63),
('2020Wk32', 3, 8.63),
('2020Wk34', 3, 8.63),
('2020Wk36', 3, 8.63),
('2020Wk38', 3, 8.63),
('2020Wk40', 3, 8.63),
('2020Wk42', 3, 8.63),
('2020Wk44', 3, 8.63),
('2020Wk46', 3, 8.63),
('2020Wk48', 3, 8.63),
('2020Wk50', 3, 8.63),
('2020Wk52', 3, 8.63),
('2021Wk01', 3, 8.63),
('2021Wk03', 3, 8.63),
('2021Wk05', 3, 8.63),
('2021Wk07', 3, 8.63),
('2021Wk09', 3, 8.63),
('2021Wk11', 3, 8.63),
('2021Wk13', 3, 8.63),
('2021Wk15', 3, 8.63),
('2021Wk17', 3, 8.63),
('2021Wk19', 3, 8.63),
('2021Wk21', 3, 8.63),
('2021Wk23', 3, 8.63),
('2021Wk25', 3, 8.63),
('2021Wk27', 3, 8.63),
('2021Wk29', 3, 8.63),
('2021Wk31', 3, 8.63),
('2021Wk33', 3, 8.63),
('2021Wk35', 3, 8.63),
('2021Wk37', 3, 8.63),
('2021Wk39', 3, 8.63),
('2021Wk41', 3, 8.63),
('2021Wk43', 3, 8.63),
('2021Wk45', 3, 8.63),
('2021Wk47', 3, 8.63),
('2021Wk49', 3, 8.63),
('2021Wk51', 3, 8.63),
('2022Wk01', 3, 8.63),
('2022Wk03', 3, 8.63),
('2022Wk05', 3, 8.63),
('2022Wk07', 3, 8.63),
('2022Wk09', 3, 8.63),
('2022Wk11', 3, 8.63),
('2022Wk13', 3, 8.63),
('2022Wk15', 3, 8.63),
('2022Wk17', 3, 8.63),
('2022Wk19', 3, 8.63),
('2022Wk21', 3, 8.63),
('2022Wk23', 3, 8.63),
('2022Wk25', 3, 8.63),
('2022Wk27', 3, 8.63),
('2022Wk29', 3, 8.63),
('2022Wk31', 3, 8.63),
('2022Wk33', 3, 8.63),
('2022Wk35', 3, 8.63),
('2022Wk37', 3, 8.63),
('2022Wk39', 3, 8.63),
('2022Wk41', 3, 8.63),
('2022Wk43', 3, 8.63),
('2022Wk45', 3, 8.63),
('2022Wk47', 3, 8.63),
('2022Wk49', 3, 8.63),
('2022Wk51', 3, 8.63),
('2023Wk01', 3, 8.61),
('2023Wk03', 3, 8.61),
('2023Wk05', 3, 8.61),
('2023Wk07', 3, 8.61),
('2023Wk09', 3, 8.61),
('2023Wk11', 3, 8.61),
('2023Wk13', 3, 8.61),
('2023Wk15', 3, 8.61),
('2023Wk17', 3, 8.61),
('2023Wk19', 3, 8.61),
('2023Wk21', 3, 8.61),
('2023Wk23', 3, 8.61),
('2023Wk25', 3, 8.61),
('2023Wk27', 3, 8.61),
('2023Wk29', 3, 8.61),
('2023Wk31', 3, 8.61),
('2023Wk33', 3, 8.61),
('2023Wk35', 3, 8.61),
('2023Wk37', 3, 8.61),
('2023Wk39', 3, 8.61),
('2023Wk41', 3, 8.61),
('2023Wk43', 3, 8.61),
('2023Wk45', 3, 8.61),
('2023Wk47', 3, 8.61),
('2023Wk49', 3, 8.61),
('2023Wk51', 3, 8.61),
('2024Wk01', 3, 8.63),
('2024Wk03', 3, 8.63),
('2024Wk05', 3, 8.63),
('2024Wk07', 3, 8.63),
('2024Wk09', 3, 8.63),
('2024Wk11', 3, 8.63),
('2024Wk13', 3, 8.63),
('2024Wk15', 3, 8.63),
('2024Wk17', 3, 8.63),
('2024Wk19', 3, 8.63),
('2024Wk21', 3, 8.63),
('2024Wk23', 3, 8.63),
('2024Wk25', 3, 8.63),
('2024Wk27', 3, 8.63),
('2024Wk29', 3, 8.63),
('2024Wk31', 3, 8.63),
('2024Wk33', 3, 8.63),
('2024Wk35', 3, 8.63),
('2024Wk37', 3, 8.63),
('2024Wk39', 3, 8.63),
('2024Wk41', 3, 8.63),
('2024Wk43', 3, 8.63),
('2024Wk45', 3, 8.63),
('2024Wk47', 3, 8.63),
('2024Wk49', 3, 8.63),
('2024Wk51', 3, 8.63),
('2024Wk53', 3, 8.63),
('2020Wk02', 4, 0),
('2020Wk04', 4, 0),
('2020Wk06', 4, 0),
('2020Wk08', 4, 0),
('2020Wk10', 4, 0),
('2020Wk12', 4, 0),
('2020Wk14', 4, 0),
('2020Wk16', 4, 0),
('2020Wk18', 4, 0),
('2020Wk20', 4, 0),
('2020Wk22', 4, 0),
('2020Wk24', 4, 0),
('2020Wk26', 4, 0),
('2020Wk28', 4, 0),
('2020Wk30', 4, 0),
('2020Wk32', 4, 0),
('2020Wk34', 4, 0),
('2020Wk36', 4, 0),
('2020Wk38', 4, 0),
('2020Wk40', 4, 0),
('2020Wk42', 4, 0),
('2020Wk44', 4, 0),
('2020Wk46', 4, 0),
('2020Wk48', 4, 0),
('2020Wk50', 4, 0),
('2020Wk52', 4, 0),
('2021Wk01', 4, 0),
('2021Wk03', 4, 0),
('2021Wk05', 4, 0),
('2021Wk07', 4, 0),
('2021Wk09', 4, 0),
('2021Wk11', 4, 0),
('2021Wk13', 4, 0),
('2021Wk15', 4, 0),
('2021Wk17', 4, 0),
('2021Wk19', 4, 0),
('2021Wk21', 4, 0),
('2021Wk23', 4, 0),
('2021Wk25', 4, 0),
('2021Wk27', 4, 0),
('2021Wk29', 4, 0),
('2021Wk31', 4, 0),
('2021Wk33', 4, 0),
('2021Wk35', 4, 0),
('2021Wk37', 4, 0),
('2021Wk39', 4, 0),
('2021Wk41', 4, 0),
('2021Wk43', 4, 0),
('2021Wk45', 4, 0),
('2021Wk47', 4, 0),
('2021Wk49', 4, 0),
('2021Wk51', 4, 0),
('2022Wk01', 4, 0),
('2022Wk03', 4, 0),
('2022Wk05', 4, 0),
('2022Wk07', 4, 0),
('2022Wk09', 4, 0),
('2022Wk11', 4, 0),
('2022Wk13', 4, 0),
('2022Wk15', 4, 0),
('2022Wk17', 4, 0),
('2022Wk19', 4, 0),
('2022Wk21', 4, 0),
('2022Wk23', 4, 0),
('2022Wk25', 4, 0),
('2022Wk27', 4, 0),
('2022Wk29', 4, 0),
('2022Wk31', 4, 0),
('2022Wk33', 4, 0),
('2022Wk35', 4, 0),
('2022Wk37', 4, 0),
('2022Wk39', 4, 0),
('2022Wk41', 4, 0),
('2022Wk43', 4, 0),
('2022Wk45', 4, 0),
('2022Wk47', 4, 0),
('2022Wk49', 4, 0),
('2022Wk51', 4, 0),
('2023Wk01', 4, 0),
('2023Wk03', 4, 0),
('2023Wk05', 4, 7.4),
('2023Wk07', 4, 8.63),
('2023Wk09', 4, 8.63),
('2023Wk11', 4, 8.63),
('2023Wk13', 4, 8.63),
('2023Wk15', 4, 8.63),
('2023Wk17', 4, 8.63),
('2023Wk19', 4, 8.63),
('2023Wk21', 4, 8.63),
('2023Wk23', 4, 8.63),
('2023Wk25', 4, 8.63),
('2023Wk27', 4, 8.63),
('2023Wk29', 4, 8.63),
('2023Wk31', 4, 8.63),
('2023Wk33', 4, 8.63),
('2023Wk35', 4, 8.63),
('2023Wk37', 4, 8.63),
('2023Wk39', 4, 8.63),
('2023Wk41', 4, 8.63),
('2023Wk43', 4, 8.63),
('2023Wk45', 4, 8.63),
('2023Wk47', 4, 8.63),
('2023Wk49', 4, 8.63),
('2023Wk51', 4, 8.63),
('2024Wk01', 4, 8.61),
('2024Wk03', 4, 8.61),
('2024Wk05', 4, 8.61),
('2024Wk07', 4, 8.61),
('2024Wk09', 4, 8.61),
('2024Wk11', 4, 8.61),
('2024Wk13', 4, 8.61),
('2024Wk15', 4, 8.61),
('2024Wk17', 4, 8.61),
('2024Wk19', 4, 8.61),
('2024Wk21', 4, 8.61),
('2024Wk23', 4, 8.61),
('2024Wk25', 4, 8.61),
('2024Wk27', 4, 8.61),
('2024Wk29', 4, 8.61),
('2024Wk31', 4, 8.61),
('2024Wk33', 4, 8.61),
('2024Wk35', 4, 8.61),
('2024Wk37', 4, 8.61),
('2024Wk39', 4, 8.61),
('2024Wk41', 4, 8.61),
('2024Wk43', 4, 8.61),
('2024Wk45', 4, 8.61),
('2024Wk47', 4, 8.61),
('2024Wk49', 4, 8.61),
('2024Wk51', 4, 8.61),
('2024Wk53', 4, 8.61),
('2020Wk02', 5, 0),
('2020Wk04', 5, 0),
('2020Wk06', 5, 0),
('2020Wk08', 5, 0),
('2020Wk10', 5, 0),
('2020Wk12', 5, 0),
('2020Wk14', 5, 0),
('2020Wk16', 5, 0),
('2020Wk18', 5, 0),
('2020Wk20', 5, 0),
('2020Wk22', 5, 0),
('2020Wk24', 5, 0),
('2020Wk26', 5, 0),
('2020Wk28', 5, 0),
('2020Wk30', 5, 0),
('2020Wk32', 5, 0),
('2020Wk34', 5, 0),
('2020Wk36', 5, 0),
('2020Wk38', 5, 0),
('2020Wk40', 5, 0),
('2020Wk42', 5, 0),
('2020Wk44', 5, 0),
('2020Wk46', 5, 0),
('2020Wk48', 5, 0),
('2020Wk50', 5, 0),
('2020Wk52', 5, 0),
('2021Wk01', 5, 0),
('2021Wk03', 5, 0),
('2021Wk05', 5, 0),
('2021Wk07', 5, 0),
('2021Wk09', 5, 0),
('2021Wk11', 5, 0),
('2021Wk13', 5, 0),
('2021Wk15', 5, 0),
('2021Wk17', 5, 0),
('2021Wk19', 5, 0),
('2021Wk21', 5, 0),
('2021Wk23', 5, 0),
('2021Wk25', 5, 0),
('2021Wk27', 5, 0),
('2021Wk29', 5, 0),
('2021Wk31', 5, 0),
('2021Wk33', 5, 0),
('2021Wk35', 5, 0),
('2021Wk37', 5, 0),
('2021Wk39', 5, 0),
('2021Wk41', 5, 0),
('2021Wk43', 5, 0),
('2021Wk45', 5, 0),
('2021Wk47', 5, 0),
('2021Wk49', 5, 0),
('2021Wk51', 5, 0),
('2022Wk01', 5, 0),
('2022Wk03', 5, 0),
('2022Wk05', 5, 0),
('2022Wk07', 5, 0),
('2022Wk09', 5, 0),
('2022Wk11', 5, 0),
('2022Wk13', 5, 0),
('2022Wk15', 5, 0),
('2022Wk17', 5, 0),
('2022Wk19', 5, 0),
('2022Wk21', 5, 0),
('2022Wk23', 5, 0),
('2022Wk25', 5, 0),
('2022Wk27', 5, 0),
('2022Wk29', 5, 0),
('2022Wk31', 5, 0),
('2022Wk33', 5, 0),
('2022Wk35', 5, 0),
('2022Wk37', 5, 0),
('2022Wk39', 5, 0),
('2022Wk41', 5, 0),
('2022Wk43', 5, 0),
('2022Wk45', 5, 0),
('2022Wk47', 5, 0),
('2022Wk49', 5, 0),
('2022Wk51', 5, 0),
('2023Wk01', 5, 0),
('2023Wk03', 5, 0),
('2023Wk05', 5, 0),
('2023Wk07', 5, 3.7),
('2023Wk09', 5, 8.63),
('2023Wk11', 5, 8.63),
('2023Wk13', 5, 8.63),
('2023Wk15', 5, 8.63),
('2023Wk17', 5, 8.63),
('2023Wk19', 5, 8.63),
('2023Wk21', 5, 8.63),
('2023Wk23', 5, 8.63),
('2023Wk25', 5, 8.63),
('2023Wk27', 5, 8.63),
('2023Wk29', 5, 8.63),
('2023Wk31', 5, 8.63),
('2023Wk33', 5, 8.63),
('2023Wk35', 5, 8.63),
('2023Wk37', 5, 8.63),
('2023Wk39', 5, 8.63),
('2023Wk41', 5, 8.63),
('2023Wk43', 5, 8.63),
('2023Wk45', 5, 8.63),
('2023Wk47', 5, 8.63),
('2023Wk49', 5, 8.63),
('2023Wk51', 5, 8.63),
('2024Wk01', 5, 8.61),
('2024Wk03', 5, 8.61),
('2024Wk05', 5, 8.61),
('2024Wk07', 5, 8.61),
('2024Wk09', 5, 8.61),
('2024Wk11', 5, 8.61),
('2024Wk13', 5, 8.61),
('2024Wk15', 5, 8.61),
('2024Wk17', 5, 8.61),
('2024Wk19', 5, 8.61),
('2024Wk21', 5, 8.61),
('2024Wk23', 5, 8.61),
('2024Wk25', 5, 8.61),
('2024Wk27', 5, 8.61),
('2024Wk29', 5, 8.61),
('2024Wk31', 5, 8.61),
('2024Wk33', 5, 8.61),
('2024Wk35', 5, 8.61),
('2024Wk37', 5, 8.61),
('2024Wk39', 5, 8.61),
('2024Wk41', 5, 8.61),
('2024Wk43', 5, 8.61),
('2024Wk45', 5, 8.61),
('2024Wk47', 5, 8.61),
('2024Wk49', 5, 8.61),
('2024Wk51', 5, 8.61),
('2024Wk53', 5, 8.61),
('2020Wk02', 6, 8.61),
('2020Wk04', 6, 8.61),
('2020Wk06', 6, 8.61),
('2020Wk08', 6, 8.61),
('2020Wk10', 6, 8.61),
('2020Wk12', 6, 8.61),
('2020Wk14', 6, 8.61),
('2020Wk16', 6, 8.61),
('2020Wk18', 6, 8.61),
('2020Wk20', 6, 8.61),
('2020Wk22', 6, 8.61),
('2020Wk24', 6, 8.61),
('2020Wk26', 6, 8.61),
('2020Wk28', 6, 8.61),
('2020Wk30', 6, 8.61),
('2020Wk32', 6, 8.61),
('2020Wk34', 6, 8.61),
('2020Wk36', 6, 8.61),
('2020Wk38', 6, 8.61),
('2020Wk40', 6, 8.61),
('2020Wk42', 6, 8.61),
('2020Wk44', 6, 8.61),
('2020Wk46', 6, 8.61),
('2020Wk48', 6, 8.61),
('2020Wk50', 6, 8.61),
('2020Wk52', 6, 8.61),
('2021Wk01', 6, 8.63),
('2021Wk03', 6, 8.63),
('2021Wk05', 6, 8.63),
('2021Wk07', 6, 8.63),
('2021Wk09', 6, 8.63),
('2021Wk11', 6, 8.63),
('2021Wk13', 6, 8.63),
('2021Wk15', 6, 8.63),
('2021Wk17', 6, 8.63),
('2021Wk19', 6, 8.63),
('2021Wk21', 6, 8.63),
('2021Wk23', 6, 8.63),
('2021Wk25', 6, 8.63),
('2021Wk27', 6, 8.63),
('2021Wk29', 6, 8.63),
('2021Wk31', 6, 8.63),
('2021Wk33', 6, 8.63),
('2021Wk35', 6, 8.63),
('2021Wk37', 6, 8.63),
('2021Wk39', 6, 8.63),
('2021Wk41', 6, 8.63),
('2021Wk43', 6, 8.63),
('2021Wk45', 6, 8.63),
('2021Wk47', 6, 8.63),
('2021Wk49', 6, 8.63),
('2021Wk51', 6, 8.63),
('2022Wk01', 6, 8.63),
('2022Wk03', 6, 8.63),
('2022Wk05', 6, 8.63),
('2022Wk07', 6, 8.63),
('2022Wk09', 6, 8.63),
('2022Wk11', 6, 8.63),
('2022Wk13', 6, 8.63),
('2022Wk15', 6, 8.63),
('2022Wk17', 6, 8.63),
('2022Wk19', 6, 8.63),
('2022Wk21', 6, 8.63),
('2022Wk23', 6, 8.63),
('2022Wk25', 6, 8.63),
('2022Wk27', 6, 8.63),
('2022Wk29', 6, 8.63),
('2022Wk31', 6, 8.63),
('2022Wk33', 6, 8.63),
('2022Wk35', 6, 8.63),
('2022Wk37', 6, 8.63),
('2022Wk39', 6, 8.63),
('2022Wk41', 6, 8.63),
('2022Wk43', 6, 8.63),
('2022Wk45', 6, 8.63),
('2022Wk47', 6, 8.63),
('2022Wk49', 6, 8.63),
('2022Wk51', 6, 8.63),
('2023Wk01', 6, 8.63),
('2023Wk03', 6, 8.63),
('2023Wk05', 6, 8.63),
('2023Wk07', 6, 8.63),
('2023Wk09', 6, 8.63),
('2023Wk11', 6, 8.63),
('2023Wk13', 6, 8.63),
('2023Wk15', 6, 8.63),
('2023Wk17', 6, 8.63),
('2023Wk19', 6, 8.63),
('2023Wk21', 6, 8.63),
('2023Wk23', 6, 8.63),
('2023Wk25', 6, 8.63),
('2023Wk27', 6, 8.63),
('2023Wk29', 6, 8.63),
('2023Wk31', 6, 8.63),
('2023Wk33', 6, 8.63),
('2023Wk35', 6, 8.63),
('2023Wk37', 6, 8.63),
('2023Wk39', 6, 8.63),
('2023Wk41', 6, 8.63),
('2023Wk43', 6, 8.63),
('2023Wk45', 6, 8.63),
('2023Wk47', 6, 8.63),
('2023Wk49', 6, 8.63),
('2023Wk51', 6, 8.63),
('2024Wk01', 6, 8.61),
('2024Wk03', 6, 8.61),
('2024Wk05', 6, 8.61),
('2024Wk07', 6, 8.61),
('2024Wk09', 6, 8.61),
('2024Wk11', 6, 8.61),
('2024Wk13', 6, 8.61),
('2024Wk15', 6, 8.61),
('2024Wk17', 6, 8.61),
('2024Wk19', 6, 8.61),
('2024Wk21', 6, 8.61),
('2024Wk23', 6, 8.61),
('2024Wk25', 6, 8.61),
('2024Wk27', 6, 8.61),
('2024Wk29', 6, 8.61),
('2024Wk31', 6, 8.61),
('2024Wk33', 6, 8.61),
('2024Wk35', 6, 8.61),
('2024Wk37', 6, 8.61),
('2024Wk39', 6, 8.61),
('2024Wk41', 6, 8.61),
('2024Wk43', 6, 8.61),
('2024Wk45', 6, 8.61),
('2024Wk47', 6, 8.61),
('2024Wk49', 6, 8.61),
('2024Wk51', 6, 8.61),
('2024Wk53', 6, 8.61),
('2020Wk02', 7, 8.63),
('2020Wk04', 7, 8.63),
('2020Wk06', 7, 8.63),
('2020Wk08', 7, 8.63),
('2020Wk10', 7, 8.63),
('2020Wk12', 7, 8.63),
('2020Wk14', 7, 8.63),
('2020Wk16', 7, 8.63),
('2020Wk18', 7, 8.63),
('2020Wk20', 7, 8.63),
('2020Wk22', 7, 8.63),
('2020Wk24', 7, 8.63),
('2020Wk26', 7, 8.63),
('2020Wk28', 7, 8.63),
('2020Wk30', 7, 8.63),
('2020Wk32', 7, 8.63),
('2020Wk34', 7, 8.63),
('2020Wk36', 7, 8.63),
('2020Wk38', 7, 8.63),
('2020Wk40', 7, 8.63),
('2020Wk42', 7, 8.63),
('2020Wk44', 7, 8.63),
('2020Wk46', 7, 8.63),
('2020Wk48', 7, 8.63),
('2020Wk50', 7, 8.63),
('2020Wk52', 7, 8.63),
('2021Wk01', 7, 8.63),
('2021Wk03', 7, 8.63),
('2021Wk05', 7, 8.63),
('2021Wk07', 7, 8.63),
('2021Wk09', 7, 8.63),
('2021Wk11', 7, 8.63),
('2021Wk13', 7, 8.63),
('2021Wk15', 7, 8.63),
('2021Wk17', 7, 8.63),
('2021Wk19', 7, 8.63),
('2021Wk21', 7, 8.63),
('2021Wk23', 7, 8.63),
('2021Wk25', 7, 8.63),
('2021Wk27', 7, 8.63),
('2021Wk29', 7, 8.63),
('2021Wk31', 7, 8.63),
('2021Wk33', 7, 8.63),
('2021Wk35', 7, 8.63),
('2021Wk37', 7, 8.63),
('2021Wk39', 7, 8.63),
('2021Wk41', 7, 8.63),
('2021Wk43', 7, 8.63),
('2021Wk45', 7, 8.63),
('2021Wk47', 7, 8.63),
('2021Wk49', 7, 8.63),
('2021Wk51', 7, 8.63),
('2022Wk01', 7, 8.63),
('2022Wk03', 7, 8.63),
('2022Wk05', 7, 8.63),
('2022Wk07', 7, 8.63),
('2022Wk09', 7, 8.63),
('2022Wk11', 7, 8.63),
('2022Wk13', 7, 8.63),
('2022Wk15', 7, 8.63),
('2022Wk17', 7, 8.63),
('2022Wk19', 7, 8.63),
('2022Wk21', 7, 8.63),
('2022Wk23', 7, 8.63),
('2022Wk25', 7, 8.63),
('2022Wk27', 7, 8.63),
('2022Wk29', 7, 8.63),
('2022Wk31', 7, 8.63),
('2022Wk33', 7, 8.63),
('2022Wk35', 7, 8.63),
('2022Wk37', 7, 8.63),
('2022Wk39', 7, 8.63),
('2022Wk41', 7, 8.63),
('2022Wk43', 7, 8.63),
('2022Wk45', 7, 8.63),
('2022Wk47', 7, 8.63),
('2022Wk49', 7, 8.63),
('2022Wk51', 7, 8.63),
('2023Wk01', 7, 8.61),
('2023Wk03', 7, 8.61),
('2023Wk05', 7, 8.61),
('2023Wk07', 7, 8.61),
('2023Wk09', 7, 8.61),
('2023Wk11', 7, 8.61),
('2023Wk13', 7, 8.61),
('2023Wk15', 7, 8.61),
('2023Wk17', 7, 8.61),
('2023Wk19', 7, 8.61),
('2023Wk21', 7, 8.61),
('2023Wk23', 7, 8.61),
('2023Wk25', 7, 8.61),
('2023Wk27', 7, 8.61),
('2023Wk29', 7, 8.61),
('2023Wk31', 7, 8.61),
('2023Wk33', 7, 8.61),
('2023Wk35', 7, 8.61),
('2023Wk37', 7, 8.61),
('2023Wk39', 7, 8.61),
('2023Wk41', 7, 8.61),
('2023Wk43', 7, 8.61),
('2023Wk45', 7, 8.61),
('2023Wk47', 7, 8.61),
('2023Wk49', 7, 8.61),
('2023Wk51', 7, 8.61),
('2024Wk01', 7, 8.63),
('2024Wk03', 7, 8.63),
('2024Wk05', 7, 8.63),
('2024Wk07', 7, 8.63),
('2024Wk09', 7, 8.63),
('2024Wk11', 7, 8.63),
('2024Wk13', 7, 8.63),
('2024Wk15', 7, 8.63),
('2024Wk17', 7, 8.63),
('2024Wk19', 7, 8.63),
('2024Wk21', 7, 8.63),
('2024Wk23', 7, 8.63),
('2024Wk25', 7, 8.63),
('2024Wk27', 7, 8.63),
('2024Wk29', 7, 8.63),
('2024Wk31', 7, 8.63),
('2024Wk33', 7, 8.63),
('2024Wk35', 7, 8.63),
('2024Wk37', 7, 8.63),
('2024Wk39', 7, 8.63),
('2024Wk41', 7, 8.63),
('2024Wk43', 7, 8.63),
('2024Wk45', 7, 8.63),
('2024Wk47', 7, 8.63),
('2024Wk49', 7, 8.63),
('2024Wk51', 7, 8.63),
('2024Wk53', 7, 8.63),
('2020Wk02', 8, 8.61),
('2020Wk04', 8, 8.61),
('2020Wk06', 8, 8.61),
('2020Wk08', 8, 8.61),
('2020Wk10', 8, 8.61),
('2020Wk12', 8, 8.61),
('2020Wk14', 8, 8.61),
('2020Wk16', 8, 8.61),
('2020Wk18', 8, 8.61),
('2020Wk20', 8, 8.61),
('2020Wk22', 8, 8.61),
('2020Wk24', 8, 8.61),
('2020Wk26', 8, 8.61),
('2020Wk28', 8, 8.61),
('2020Wk30', 8, 8.61),
('2020Wk32', 8, 8.61),
('2020Wk34', 8, 8.61),
('2020Wk36', 8, 8.61),
('2020Wk38', 8, 8.61),
('2020Wk40', 8, 8.61),
('2020Wk42', 8, 8.61),
('2020Wk44', 8, 8.61),
('2020Wk46', 8, 8.61),
('2020Wk48', 8, 8.61),
('2020Wk50', 8, 8.61),
('2020Wk52', 8, 8.61),
('2021Wk01', 8, 8.63),
('2021Wk03', 8, 8.63),
('2021Wk05', 8, 8.63),
('2021Wk07', 8, 8.63),
('2021Wk09', 8, 8.63),
('2021Wk11', 8, 8.63),
('2021Wk13', 8, 8.63),
('2021Wk15', 8, 8.63),
('2021Wk17', 8, 8.63),
('2021Wk19', 8, 8.63),
('2021Wk21', 8, 8.63),
('2021Wk23', 8, 8.63),
('2021Wk25', 8, 8.63),
('2021Wk27', 8, 8.63),
('2021Wk29', 8, 8.63),
('2021Wk31', 8, 8.63),
('2021Wk33', 8, 8.63),
('2021Wk35', 8, 8.63),
('2021Wk37', 8, 8.63),
('2021Wk39', 8, 8.63),
('2021Wk41', 8, 8.63),
('2021Wk43', 8, 8.63),
('2021Wk45', 8, 8.63),
('2021Wk47', 8, 8.63),
('2021Wk49', 8, 8.63),
('2021Wk51', 8, 8.63),
('2022Wk01', 8, 8.63),
('2022Wk03', 8, 8.63),
('2022Wk05', 8, 8.63),
('2022Wk07', 8, 8.63),
('2022Wk09', 8, 8.63),
('2022Wk11', 8, 8.63),
('2022Wk13', 8, 8.63),
('2022Wk15', 8, 8.63),
('2022Wk17', 8, 8.63),
('2022Wk19', 8, 8.63),
('2022Wk21', 8, 8.63),
('2022Wk23', 8, 8.63),
('2022Wk25', 8, 8.63),
('2022Wk27', 8, 8.63),
('2022Wk29', 8, 8.63),
('2022Wk31', 8, 8.63),
('2022Wk33', 8, 8.63),
('2022Wk35', 8, 8.63),
('2022Wk37', 8, 8.63),
('2022Wk39', 8, 8.63),
('2022Wk41', 8, 8.63),
('2022Wk43', 8, 8.63),
('2022Wk45', 8, 8.63),
('2022Wk47', 8, 8.63),
('2022Wk49', 8, 8.63),
('2022Wk51', 8, 8.63),
('2023Wk01', 8, 8.63),
('2023Wk03', 8, 8.63),
('2023Wk05', 8, 8.63),
('2023Wk07', 8, 8.63),
('2023Wk09', 8, 8.63),
('2023Wk11', 8, 8.63),
('2023Wk13', 8, 8.63),
('2023Wk15', 8, 8.63),
('2023Wk17', 8, 8.63),
('2023Wk19', 8, 8.63),
('2023Wk21', 8, 8.63),
('2023Wk23', 8, 8.63),
('2023Wk25', 8, 8.63),
('2023Wk27', 8, 8.63),
('2023Wk29', 8, 8.63),
('2023Wk31', 8, 8.63),
('2023Wk33', 8, 8.63),
('2023Wk35', 8, 8.63),
('2023Wk37', 8, 8.63),
('2023Wk39', 8, 8.63),
('2023Wk41', 8, 8.63),
('2023Wk43', 8, 8.63),
('2023Wk45', 8, 8.63),
('2023Wk47', 8, 8.63),
('2023Wk49', 8, 8.63),
('2023Wk51', 8, 8.63),
('2024Wk01', 8, 8.61),
('2024Wk03', 8, 8.61),
('2024Wk05', 8, 8.61),
('2024Wk07', 8, 8.61),
('2024Wk09', 8, 8.61),
('2024Wk11', 8, 8.61),
('2024Wk13', 8, 8.61),
('2024Wk15', 8, 8.61),
('2024Wk17', 8, 8.61),
('2024Wk19', 8, 8.61),
('2024Wk21', 8, 8.61),
('2024Wk23', 8, 8.61),
('2024Wk25', 8, 8.61),
('2024Wk27', 8, 8.61),
('2024Wk29', 8, 8.61),
('2024Wk31', 8, 8.61),
('2024Wk33', 8, 8.61),
('2024Wk35', 8, 8.61),
('2024Wk37', 8, 8.61),
('2024Wk39', 8, 8.61),
('2024Wk41', 8, 8.61),
('2024Wk43', 8, 8.61),
('2024Wk45', 8, 8.61),
('2024Wk47', 8, 8.61),
('2024Wk49', 8, 8.61),
('2024Wk51', 8, 8.61),
('2024Wk53', 8, 8.61),
('2020Wk02', 9, 8.61),
('2020Wk04', 9, 8.61),
('2020Wk06', 9, 8.61),
('2020Wk08', 9, 8.61),
('2020Wk10', 9, 8.61),
('2020Wk12', 9, 8.61),
('2020Wk14', 9, 8.61),
('2020Wk16', 9, 8.61),
('2020Wk18', 9, 8.61),
('2020Wk20', 9, 8.61),
('2020Wk22', 9, 8.61),
('2020Wk24', 9, 8.61),
('2020Wk26', 9, 8.61),
('2020Wk28', 9, 8.61),
('2020Wk30', 9, 8.61),
('2020Wk32', 9, 8.61),
('2020Wk34', 9, 8.61),
('2020Wk36', 9, 8.61),
('2020Wk38', 9, 8.61),
('2020Wk40', 9, 8.61),
('2020Wk42', 9, 8.61),
('2020Wk44', 9, 8.61),
('2020Wk46', 9, 8.61),
('2020Wk48', 9, 8.61),
('2020Wk50', 9, 8.61),
('2020Wk52', 9, 8.61),
('2021Wk01', 9, 8.63),
('2021Wk03', 9, 8.63),
('2021Wk05', 9, 8.63),
('2021Wk07', 9, 8.63),
('2021Wk09', 9, 8.63),
('2021Wk11', 9, 8.63),
('2021Wk13', 9, 8.63),
('2021Wk15', 9, 8.63),
('2021Wk17', 9, 8.63),
('2021Wk19', 9, 8.63),
('2021Wk21', 9, 8.63),
('2021Wk23', 9, 8.63),
('2021Wk25', 9, 8.63),
('2021Wk27', 9, 8.63),
('2021Wk29', 9, 8.63),
('2021Wk31', 9, 8.63),
('2021Wk33', 9, 8.63),
('2021Wk35', 9, 8.63),
('2021Wk37', 9, 8.63),
('2021Wk39', 9, 8.63),
('2021Wk41', 9, 8.63),
('2021Wk43', 9, 8.63),
('2021Wk45', 9, 8.63),
('2021Wk47', 9, 8.63),
('2021Wk49', 9, 8.63),
('2021Wk51', 9, 8.63),
('2022Wk01', 9, 8.63),
('2022Wk03', 9, 8.63),
('2022Wk05', 9, 8.63),
('2022Wk07', 9, 8.63),
('2022Wk09', 9, 8.63),
('2022Wk11', 9, 8.63),
('2022Wk13', 9, 8.63),
('2022Wk15', 9, 8.63),
('2022Wk17', 9, 8.63),
('2022Wk19', 9, 8.63),
('2022Wk21', 9, 8.63),
('2022Wk23', 9, 8.63),
('2022Wk25', 9, 8.63),
('2022Wk27', 9, 8.63),
('2022Wk29', 9, 8.63),
('2022Wk31', 9, 8.63),
('2022Wk33', 9, 8.63),
('2022Wk35', 9, 8.63),
('2022Wk37', 9, 8.63),
('2022Wk39', 9, 8.63),
('2022Wk41', 9, 8.63),
('2022Wk43', 9, 8.63),
('2022Wk45', 9, 8.63),
('2022Wk47', 9, 8.63),
('2022Wk49', 9, 8.63),
('2022Wk51', 9, 8.63),
('2023Wk01', 9, 8.63),
('2023Wk03', 9, 8.63),
('2023Wk05', 9, 8.63),
('2023Wk07', 9, 8.63),
('2023Wk09', 9, 8.63),
('2023Wk11', 9, 8.63),
('2023Wk13', 9, 8.63),
('2023Wk15', 9, 8.63),
('2023Wk17', 9, 8.63),
('2023Wk19', 9, 8.63),
('2023Wk21', 9, 8.63),
('2023Wk23', 9, 8.63),
('2023Wk25', 9, 8.63),
('2023Wk27', 9, 8.63),
('2023Wk29', 9, 8.63),
('2023Wk31', 9, 8.63),
('2023Wk33', 9, 8.63),
('2023Wk35', 9, 8.63),
('2023Wk37', 9, 8.63),
('2023Wk39', 9, 8.63),
('2023Wk41', 9, 8.63),
('2023Wk43', 9, 8.63),
('2023Wk45', 9, 8.63),
('2023Wk47', 9, 8.63),
('2023Wk49', 9, 8.63),
('2023Wk51', 9, 8.63),
('2024Wk01', 9, 8.61),
('2024Wk03', 9, 8.61),
('2024Wk05', 9, 8.61),
('2024Wk07', 9, 8.61),
('2024Wk09', 9, 8.61),
('2024Wk11', 9, 8.61),
('2024Wk13', 9, 8.61),
('2024Wk15', 9, 8.61),
('2024Wk17', 9, 8.61),
('2024Wk19', 9, 8.61),
('2024Wk21', 9, 8.61),
('2024Wk23', 9, 8.61),
('2024Wk25', 9, 8.61),
('2024Wk27', 9, 8.61),
('2024Wk29', 9, 8.61),
('2024Wk31', 9, 8.61),
('2024Wk33', 9, 8.61),
('2024Wk35', 9, 8.61),
('2024Wk37', 9, 8.61),
('2024Wk39', 9, 8.61),
('2024Wk41', 9, 8.61),
('2024Wk43', 9, 8.61),
('2024Wk45', 9, 8.61),
('2024Wk47', 9, 8.61),
('2024Wk49', 9, 8.61),
('2024Wk51', 9, 8.61),
('2024Wk53', 9, 8.61),
('2020Wk02', 10, 8.61),
('2020Wk04', 10, 8.61),
('2020Wk06', 10, 8.61),
('2020Wk08', 10, 8.61),
('2020Wk10', 10, 8.61),
('2020Wk12', 10, 8.61),
('2020Wk14', 10, 8.61),
('2020Wk16', 10, 8.61),
('2020Wk18', 10, 8.61),
('2020Wk20', 10, 8.61),
('2020Wk22', 10, 8.61),
('2020Wk24', 10, 8.61),
('2020Wk26', 10, 8.61),
('2020Wk28', 10, 8.61),
('2020Wk30', 10, 8.61),
('2020Wk32', 10, 8.61),
('2020Wk34', 10, 8.61),
('2020Wk36', 10, 8.61),
('2020Wk38', 10, 8.61),
('2020Wk40', 10, 8.61),
('2020Wk42', 10, 8.61),
('2020Wk44', 10, 8.61),
('2020Wk46', 10, 8.61),
('2020Wk48', 10, 8.61),
('2020Wk50', 10, 8.61),
('2020Wk52', 10, 8.61),
('2021Wk01', 10, 8.63),
('2021Wk03', 10, 8.63),
('2021Wk05', 10, 8.63),
('2021Wk07', 10, 8.63),
('2021Wk09', 10, 8.63),
('2021Wk11', 10, 8.63),
('2021Wk13', 10, 8.63),
('2021Wk15', 10, 8.63),
('2021Wk17', 10, 8.63),
('2021Wk19', 10, 8.63),
('2021Wk21', 10, 8.63),
('2021Wk23', 10, 8.63),
('2021Wk25', 10, 8.63),
('2021Wk27', 10, 8.63),
('2021Wk29', 10, 8.63),
('2021Wk31', 10, 8.63),
('2021Wk33', 10, 8.63),
('2021Wk35', 10, 8.63),
('2021Wk37', 10, 8.63),
('2021Wk39', 10, 8.63),
('2021Wk41', 10, 8.63),
('2021Wk43', 10, 8.63),
('2021Wk45', 10, 8.63),
('2021Wk47', 10, 8.63),
('2021Wk49', 10, 8.63),
('2021Wk51', 10, 8.63),
('2022Wk01', 10, 8.63),
('2022Wk03', 10, 8.63),
('2022Wk05', 10, 8.63),
('2022Wk07', 10, 8.63),
('2022Wk09', 10, 8.63),
('2022Wk11', 10, 8.63),
('2022Wk13', 10, 8.63),
('2022Wk15', 10, 8.63),
('2022Wk17', 10, 8.63),
('2022Wk19', 10, 8.63),
('2022Wk21', 10, 8.63),
('2022Wk23', 10, 8.63),
('2022Wk25', 10, 8.63),
('2022Wk27', 10, 8.63),
('2022Wk29', 10, 8.63),
('2022Wk31', 10, 8.63),
('2022Wk33', 10, 8.63),
('2022Wk35', 10, 8.63),
('2022Wk37', 10, 8.63),
('2022Wk39', 10, 8.63),
('2022Wk41', 10, 8.63),
('2022Wk43', 10, 8.63),
('2022Wk45', 10, 8.63),
('2022Wk47', 10, 8.63),
('2022Wk49', 10, 8.63),
('2022Wk51', 10, 8.63),
('2023Wk01', 10, 8.63),
('2023Wk03', 10, 8.63),
('2023Wk05', 10, 8.63),
('2023Wk07', 10, 8.63),
('2023Wk09', 10, 8.63),
('2023Wk11', 10, 8.63),
('2023Wk13', 10, 8.63),
('2023Wk15', 10, 8.63),
('2023Wk17', 10, 8.63),
('2023Wk19', 10, 8.63),
('2023Wk21', 10, 8.63),
('2023Wk23', 10, 8.63),
('2023Wk25', 10, 8.63),
('2023Wk27', 10, 8.63),
('2023Wk29', 10, 8.63),
('2023Wk31', 10, 8.63),
('2023Wk33', 10, 8.63),
('2023Wk35', 10, 8.63),
('2023Wk37', 10, 8.63),
('2023Wk39', 10, 8.63),
('2023Wk41', 10, 8.63),
('2023Wk43', 10, 8.63),
('2023Wk45', 10, 8.63),
('2023Wk47', 10, 8.63),
('2023Wk49', 10, 8.63),
('2023Wk51', 10, 8.63),
('2024Wk01', 10, 8.61),
('2024Wk03', 10, 8.61),
('2024Wk05', 10, 8.61),
('2024Wk07', 10, 8.61),
('2024Wk09', 10, 8.61),
('2024Wk11', 10, 8.61),
('2024Wk13', 10, 8.61),
('2024Wk15', 10, 8.61),
('2024Wk17', 10, 8.61),
('2024Wk19', 10, 8.61),
('2024Wk21', 10, 8.61),
('2024Wk23', 10, 8.61),
('2024Wk25', 10, 8.61),
('2024Wk27', 10, 8.61),
('2024Wk29', 10, 8.61),
('2024Wk31', 10, 8.61),
('2024Wk33', 10, 8.61),
('2024Wk35', 10, 8.61),
('2024Wk37', 10, 8.61),
('2024Wk39', 10, 8.61),
('2024Wk41', 10, 8.61),
('2024Wk43', 10, 8.61),
('2024Wk45', 10, 8.61),
('2024Wk47', 10, 8.61),
('2024Wk49', 10, 8.61),
('2024Wk51', 10, 8.61),
('2024Wk53', 10, 8.61),
('2020Wk02', 11, 8.61),
('2020Wk04', 11, 8.61),
('2020Wk06', 11, 8.61),
('2020Wk08', 11, 8.61),
('2020Wk10', 11, 8.61),
('2020Wk12', 11, 8.61),
('2020Wk14', 11, 8.61),
('2020Wk16', 11, 8.61),
('2020Wk18', 11, 8.61),
('2020Wk20', 11, 8.61),
('2020Wk22', 11, 8.61),
('2020Wk24', 11, 8.61),
('2020Wk26', 11, 8.61),
('2020Wk28', 11, 8.61),
('2020Wk30', 11, 8.61),
('2020Wk32', 11, 8.61),
('2020Wk34', 11, 8.61),
('2020Wk36', 11, 8.61),
('2020Wk38', 11, 8.61),
('2020Wk40', 11, 8.61),
('2020Wk42', 11, 8.61),
('2020Wk44', 11, 8.61),
('2020Wk46', 11, 8.61),
('2020Wk48', 11, 8.61),
('2020Wk50', 11, 8.61),
('2020Wk52', 11, 8.61),
('2021Wk01', 11, 8.63),
('2021Wk03', 11, 8.63),
('2021Wk05', 11, 8.63),
('2021Wk07', 11, 8.63),
('2021Wk09', 11, 8.63),
('2021Wk11', 11, 8.63),
('2021Wk13', 11, 8.63),
('2021Wk15', 11, 8.63),
('2021Wk17', 11, 8.63),
('2021Wk19', 11, 8.63),
('2021Wk21', 11, 8.63),
('2021Wk23', 11, 8.63),
('2021Wk25', 11, 8.63),
('2021Wk27', 11, 8.63),
('2021Wk29', 11, 8.63),
('2021Wk31', 11, 8.63),
('2021Wk33', 11, 8.63),
('2021Wk35', 11, 8.63),
('2021Wk37', 11, 8.63),
('2021Wk39', 11, 8.63),
('2021Wk41', 11, 8.63),
('2021Wk43', 11, 8.63),
('2021Wk45', 11, 8.63),
('2021Wk47', 11, 8.63),
('2021Wk49', 11, 8.63),
('2021Wk51', 11, 8.63),
('2022Wk01', 11, 8.63),
('2022Wk03', 11, 8.63),
('2022Wk05', 11, 8.63),
('2022Wk07', 11, 8.63),
('2022Wk09', 11, 8.63),
('2022Wk11', 11, 8.63),
('2022Wk13', 11, 8.63),
('2022Wk15', 11, 8.63),
('2022Wk17', 11, 8.63),
('2022Wk19', 11, 8.63),
('2022Wk21', 11, 8.63),
('2022Wk23', 11, 8.63),
('2022Wk25', 11, 8.63),
('2022Wk27', 11, 8.63),
('2022Wk29', 11, 8.63),
('2022Wk31', 11, 8.63),
('2022Wk33', 11, 8.63),
('2022Wk35', 11, 8.63),
('2022Wk37', 11, 8.63),
('2022Wk39', 11, 8.63),
('2022Wk41', 11, 8.63),
('2022Wk43', 11, 8.63),
('2022Wk45', 11, 8.63),
('2022Wk47', 11, 8.63),
('2022Wk49', 11, 8.63),
('2022Wk51', 11, 8.63),
('2023Wk01', 11, 8.63),
('2023Wk03', 11, 8.63),
('2023Wk05', 11, 8.63),
('2023Wk07', 11, 8.63),
('2023Wk09', 11, 8.63),
('2023Wk11', 11, 8.63),
('2023Wk13', 11, 8.63),
('2023Wk15', 11, 8.63),
('2023Wk17', 11, 8.63),
('2023Wk19', 11, 8.63),
('2023Wk21', 11, 8.63),
('2023Wk23', 11, 8.63),
('2023Wk25', 11, 8.63),
('2023Wk27', 11, 8.63),
('2023Wk29', 11, 8.63),
('2023Wk31', 11, 8.63),
('2023Wk33', 11, 8.63),
('2023Wk35', 11, 8.63),
('2023Wk37', 11, 8.63),
('2023Wk39', 11, 8.63),
('2023Wk41', 11, 8.63),
('2023Wk43', 11, 8.63),
('2023Wk45', 11, 8.63),
('2023Wk47', 11, 8.63),
('2023Wk49', 11, 8.63),
('2023Wk51', 11, 8.63),
('2024Wk01', 11, 8.61),
('2024Wk03', 11, 8.61),
('2024Wk05', 11, 8.61),
('2024Wk07', 11, 8.61),
('2024Wk09', 11, 8.61),
('2024Wk11', 11, 8.61),
('2024Wk13', 11, 8.61),
('2024Wk15', 11, 8.61),
('2024Wk17', 11, 8.61),
('2024Wk19', 11, 8.61),
('2024Wk21', 11, 8.61),
('2024Wk23', 11, 8.61),
('2024Wk25', 11, 8.61),
('2024Wk27', 11, 8.61),
('2024Wk29', 11, 8.61),
('2024Wk31', 11, 8.61),
('2024Wk33', 11, 8.61),
('2024Wk35', 11, 8.61),
('2024Wk37', 11, 8.61),
('2024Wk39', 11, 8.61),
('2024Wk41', 11, 8.61),
('2024Wk43', 11, 8.61),
('2024Wk45', 11, 8.61),
('2024Wk47', 11, 8.61),
('2024Wk49', 11, 8.61),
('2024Wk51', 11, 8.61),
('2024Wk53', 11, 8.61),
('2020Wk02', 12, 8.61),
('2020Wk04', 12, 8.61),
('2020Wk06', 12, 8.61),
('2020Wk08', 12, 8.61),
('2020Wk10', 12, 8.61),
('2020Wk12', 12, 8.61),
('2020Wk14', 12, 8.61),
('2020Wk16', 12, 8.61),
('2020Wk18', 12, 8.61),
('2020Wk20', 12, 8.61),
('2020Wk22', 12, 8.61),
('2020Wk24', 12, 8.61),
('2020Wk26', 12, 8.61),
('2020Wk28', 12, 8.61),
('2020Wk30', 12, 8.61),
('2020Wk32', 12, 8.61),
('2020Wk34', 12, 8.61),
('2020Wk36', 12, 8.61),
('2020Wk38', 12, 8.61),
('2020Wk40', 12, 8.61),
('2020Wk42', 12, 8.61),
('2020Wk44', 12, 8.61),
('2020Wk46', 12, 8.61),
('2020Wk48', 12, 8.61),
('2020Wk50', 12, 8.61),
('2020Wk52', 12, 8.61),
('2021Wk01', 12, 8.63),
('2021Wk03', 12, 8.63),
('2021Wk05', 12, 8.63),
('2021Wk07', 12, 8.63),
('2021Wk09', 12, 8.63),
('2021Wk11', 12, 8.63),
('2021Wk13', 12, 8.63),
('2021Wk15', 12, 8.63),
('2021Wk17', 12, 8.63),
('2021Wk19', 12, 8.63),
('2021Wk21', 12, 8.63),
('2021Wk23', 12, 8.63),
('2021Wk25', 12, 8.63),
('2021Wk27', 12, 8.63),
('2021Wk29', 12, 8.63),
('2021Wk31', 12, 8.63),
('2021Wk33', 12, 8.63),
('2021Wk35', 12, 8.63),
('2021Wk37', 12, 8.63),
('2021Wk39', 12, 8.63),
('2021Wk41', 12, 8.63),
('2021Wk43', 12, 8.63),
('2021Wk45', 12, 8.63),
('2021Wk47', 12, 8.63),
('2021Wk49', 12, 8.63),
('2021Wk51', 12, 8.63),
('2022Wk01', 12, 8.63),
('2022Wk03', 12, 8.63),
('2022Wk05', 12, 8.63),
('2022Wk07', 12, 8.63),
('2022Wk09', 12, 8.63),
('2022Wk11', 12, 8.63),
('2022Wk13', 12, 8.63),
('2022Wk15', 12, 8.63),
('2022Wk17', 12, 8.63),
('2022Wk19', 12, 8.63),
('2022Wk21', 12, 8.63),
('2022Wk23', 12, 8.63),
('2022Wk25', 12, 8.63),
('2022Wk27', 12, 8.63),
('2022Wk29', 12, 8.63),
('2022Wk31', 12, 8.63),
('2022Wk33', 12, 8.63),
('2022Wk35', 12, 8.63),
('2022Wk37', 12, 8.63),
('2022Wk39', 12, 8.63),
('2022Wk41', 12, 8.63),
('2022Wk43', 12, 8.63),
('2022Wk45', 12, 8.63),
('2022Wk47', 12, 8.63),
('2022Wk49', 12, 8.63),
('2022Wk51', 12, 8.63),
('2023Wk01', 12, 8.63),
('2023Wk03', 12, 8.63),
('2023Wk05', 12, 8.63),
('2023Wk07', 12, 8.63),
('2023Wk09', 12, 8.63),
('2023Wk11', 12, 8.63),
('2023Wk13', 12, 8.63),
('2023Wk15', 12, 8.63),
('2023Wk17', 12, 8.63),
('2023Wk19', 12, 8.63),
('2023Wk21', 12, 8.63),
('2023Wk23', 12, 8.63),
('2023Wk25', 12, 8.63),
('2023Wk27', 12, 8.63),
('2023Wk29', 12, 8.63),
('2023Wk31', 12, 8.63),
('2023Wk33', 12, 8.63),
('2023Wk35', 12, 8.63),
('2023Wk37', 12, 8.63),
('2023Wk39', 12, 8.63),
('2023Wk41', 12, 8.63),
('2023Wk43', 12, 8.63),
('2023Wk45', 12, 8.63),
('2023Wk47', 12, 8.63),
('2023Wk49', 12, 8.63),
('2023Wk51', 12, 8.63),
('2024Wk01', 12, 8.61),
('2024Wk03', 12, 8.61),
('2024Wk05', 12, 8.61),
('2024Wk07', 12, 8.61),
('2024Wk09', 12, 8.61),
('2024Wk11', 12, 8.61),
('2024Wk13', 12, 8.61),
('2024Wk15', 12, 8.61),
('2024Wk17', 12, 8.61),
('2024Wk19', 12, 8.61),
('2024Wk21', 12, 8.61),
('2024Wk23', 12, 8.61),
('2024Wk25', 12, 8.61),
('2024Wk27', 12, 8.61),
('2024Wk29', 12, 8.61),
('2024Wk31', 12, 8.61),
('2024Wk33', 12, 8.61),
('2024Wk35', 12, 8.61),
('2024Wk37', 12, 8.61),
('2024Wk39', 12, 8.61),
('2024Wk41', 12, 8.61),
('2024Wk43', 12, 8.61),
('2024Wk45', 12, 8.61),
('2024Wk47', 12, 8.61),
('2024Wk49', 12, 8.61),
('2024Wk51', 12, 8.61),
('2024Wk53', 12, 8.61),
('2020Wk02', 13, 8.61),
('2020Wk04', 13, 8.61),
('2020Wk06', 13, 8.61),
('2020Wk08', 13, 8.61),
('2020Wk10', 13, 8.61),
('2020Wk12', 13, 8.61),
('2020Wk14', 13, 8.61),
('2020Wk16', 13, 8.61),
('2020Wk18', 13, 8.61),
('2020Wk20', 13, 8.61),
('2020Wk22', 13, 8.61),
('2020Wk24', 13, 8.61),
('2020Wk26', 13, 8.61),
('2020Wk28', 13, 8.61),
('2020Wk30', 13, 8.61),
('2020Wk32', 13, 8.61),
('2020Wk34', 13, 8.61),
('2020Wk36', 13, 8.61),
('2020Wk38', 13, 8.61),
('2020Wk40', 13, 8.61),
('2020Wk42', 13, 8.61),
('2020Wk44', 13, 8.61),
('2020Wk46', 13, 8.61),
('2020Wk48', 13, 8.61),
('2020Wk50', 13, 8.61),
('2020Wk52', 13, 8.61),
('2021Wk01', 13, 8.63),
('2021Wk03', 13, 8.63),
('2021Wk05', 13, 8.63),
('2021Wk07', 13, 8.63),
('2021Wk09', 13, 8.63),
('2021Wk11', 13, 8.63),
('2021Wk13', 13, 8.63),
('2021Wk15', 13, 8.63),
('2021Wk17', 13, 8.63),
('2021Wk19', 13, 8.63),
('2021Wk21', 13, 8.63),
('2021Wk23', 13, 8.63),
('2021Wk25', 13, 8.63),
('2021Wk27', 13, 8.63),
('2021Wk29', 13, 8.63),
('2021Wk31', 13, 8.63),
('2021Wk33', 13, 8.63),
('2021Wk35', 13, 8.63),
('2021Wk37', 13, 8.63),
('2021Wk39', 13, 8.63),
('2021Wk41', 13, 8.63),
('2021Wk43', 13, 8.63),
('2021Wk45', 13, 8.63),
('2021Wk47', 13, 8.63),
('2021Wk49', 13, 8.63),
('2021Wk51', 13, 8.63),
('2022Wk01', 13, 8.63),
('2022Wk03', 13, 8.63),
('2022Wk05', 13, 8.63),
('2022Wk07', 13, 8.63),
('2022Wk09', 13, 8.63),
('2022Wk11', 13, 8.63),
('2022Wk13', 13, 8.63),
('2022Wk15', 13, 8.63),
('2022Wk17', 13, 8.63),
('2022Wk19', 13, 8.63),
('2022Wk21', 13, 8.63),
('2022Wk23', 13, 8.63),
('2022Wk25', 13, 8.63),
('2022Wk27', 13, 8.63),
('2022Wk29', 13, 8.63),
('2022Wk31', 13, 8.63),
('2022Wk33', 13, 8.63),
('2022Wk35', 13, 8.63),
('2022Wk37', 13, 8.63),
('2022Wk39', 13, 8.63),
('2022Wk41', 13, 8.63),
('2022Wk43', 13, 8.63),
('2022Wk45', 13, 8.63),
('2022Wk47', 13, 8.63),
('2022Wk49', 13, 8.63),
('2022Wk51', 13, 8.63),
('2023Wk01', 13, 8.63),
('2023Wk03', 13, 8.63),
('2023Wk05', 13, 8.63),
('2023Wk07', 13, 8.63),
('2023Wk09', 13, 8.63),
('2023Wk11', 13, 8.63),
('2023Wk13', 13, 8.63),
('2023Wk15', 13, 8.63),
('2023Wk17', 13, 8.63),
('2023Wk19', 13, 8.63),
('2023Wk21', 13, 8.63),
('2023Wk23', 13, 8.63),
('2023Wk25', 13, 8.63),
('2023Wk27', 13, 8.63),
('2023Wk29', 13, 8.63),
('2023Wk31', 13, 8.63),
('2023Wk33', 13, 8.63),
('2023Wk35', 13, 8.63),
('2023Wk37', 13, 8.63),
('2023Wk39', 13, 8.63),
('2023Wk41', 13, 8.63),
('2023Wk43', 13, 8.63),
('2023Wk45', 13, 8.63),
('2023Wk47', 13, 8.63),
('2023Wk49', 13, 8.63),
('2023Wk51', 13, 8.63),
('2024Wk01', 13, 8.61),
('2024Wk03', 13, 8.61),
('2024Wk05', 13, 8.61),
('2024Wk07', 13, 8.61),
('2024Wk09', 13, 8.61),
('2024Wk11', 13, 8.61),
('2024Wk13', 13, 8.61),
('2024Wk15', 13, 8.61),
('2024Wk17', 13, 8.61),
('2024Wk19', 13, 8.61),
('2024Wk21', 13, 8.61),
('2024Wk23', 13, 8.61),
('2024Wk25', 13, 8.61),
('2024Wk27', 13, 8.61),
('2024Wk29', 13, 8.61),
('2024Wk31', 13, 8.61),
('2024Wk33', 13, 8.61),
('2024Wk35', 13, 8.61),
('2024Wk37', 13, 8.61),
('2024Wk39', 13, 8.61),
('2024Wk41', 13, 8.61),
('2024Wk43', 13, 8.61),
('2024Wk45', 13, 8.61),
('2024Wk47', 13, 8.61),
('2024Wk49', 13, 8.61),
('2024Wk51', 13, 8.61),
('2024Wk53', 13, 8.61),
('2020Wk02', 14, 8.61),
('2020Wk04', 14, 8.61),
('2020Wk06', 14, 8.61),
('2020Wk08', 14, 8.61),
('2020Wk10', 14, 8.61),
('2020Wk12', 14, 8.61),
('2020Wk14', 14, 8.61),
('2020Wk16', 14, 8.61),
('2020Wk18', 14, 8.61),
('2020Wk20', 14, 8.61),
('2020Wk22', 14, 8.61),
('2020Wk24', 14, 8.61),
('2020Wk26', 14, 8.61),
('2020Wk28', 14, 8.61),
('2020Wk30', 14, 8.61),
('2020Wk32', 14, 8.61),
('2020Wk34', 14, 8.61),
('2020Wk36', 14, 8.61),
('2020Wk38', 14, 8.61),
('2020Wk40', 14, 8.61),
('2020Wk42', 14, 8.61),
('2020Wk44', 14, 8.61),
('2020Wk46', 14, 8.61),
('2020Wk48', 14, 8.61),
('2020Wk50', 14, 8.61),
('2020Wk52', 14, 8.61),
('2021Wk01', 14, 8.63),
('2021Wk03', 14, 8.63),
('2021Wk05', 14, 8.63),
('2021Wk07', 14, 8.63),
('2021Wk09', 14, 8.63),
('2021Wk11', 14, 8.63),
('2021Wk13', 14, 8.63),
('2021Wk15', 14, 8.63),
('2021Wk17', 14, 8.63),
('2021Wk19', 14, 8.63),
('2021Wk21', 14, 8.63),
('2021Wk23', 14, 8.63),
('2021Wk25', 14, 8.63),
('2021Wk27', 14, 8.63),
('2021Wk29', 14, 8.63),
('2021Wk31', 14, 8.63),
('2021Wk33', 14, 8.63),
('2021Wk35', 14, 8.63),
('2021Wk37', 14, 8.63),
('2021Wk39', 14, 8.63),
('2021Wk41', 14, 8.63),
('2021Wk43', 14, 8.63),
('2021Wk45', 14, 8.63),
('2021Wk47', 14, 8.63),
('2021Wk49', 14, 8.63),
('2021Wk51', 14, 8.63),
('2022Wk01', 14, 8.63),
('2022Wk03', 14, 8.63),
('2022Wk05', 14, 8.63),
('2022Wk07', 14, 8.63),
('2022Wk09', 14, 8.63),
('2022Wk11', 14, 8.63),
('2022Wk13', 14, 8.63),
('2022Wk15', 14, 8.63),
('2022Wk17', 14, 8.63),
('2022Wk19', 14, 8.63),
('2022Wk21', 14, 8.63),
('2022Wk23', 14, 8.63),
('2022Wk25', 14, 8.63),
('2022Wk27', 14, 8.63),
('2022Wk29', 14, 8.63),
('2022Wk31', 14, 8.63),
('2022Wk33', 14, 8.63),
('2022Wk35', 14, 8.63),
('2022Wk37', 14, 8.63),
('2022Wk39', 14, 8.63),
('2022Wk41', 14, 8.63),
('2022Wk43', 14, 8.63),
('2022Wk45', 14, 8.63),
('2022Wk47', 14, 8.63),
('2022Wk49', 14, 8.63),
('2022Wk51', 14, 8.63),
('2023Wk01', 14, 8.63),
('2023Wk03', 14, 8.63),
('2023Wk05', 14, 8.63),
('2023Wk07', 14, 8.63),
('2023Wk09', 14, 8.63),
('2023Wk11', 14, 8.63),
('2023Wk13', 14, 8.63),
('2023Wk15', 14, 8.63),
('2023Wk17', 14, 8.63),
('2023Wk19', 14, 8.63),
('2023Wk21', 14, 8.63),
('2023Wk23', 14, 8.63),
('2023Wk25', 14, 8.63),
('2023Wk27', 14, 8.63),
('2023Wk29', 14, 8.63),
('2023Wk31', 14, 8.63),
('2023Wk33', 14, 8.63),
('2023Wk35', 14, 8.63),
('2023Wk37', 14, 8.63),
('2023Wk39', 14, 8.63),
('2023Wk41', 14, 8.63),
('2023Wk43', 14, 8.63),
('2023Wk45', 14, 8.63),
('2023Wk47', 14, 8.63),
('2023Wk49', 14, 8.63),
('2023Wk51', 14, 8.63),
('2024Wk01', 14, 8.61),
('2024Wk03', 14, 8.61),
('2024Wk05', 14, 8.61),
('2024Wk07', 14, 8.61),
('2024Wk09', 14, 8.61),
('2024Wk11', 14, 8.61),
('2024Wk13', 14, 8.61),
('2024Wk15', 14, 8.61),
('2024Wk17', 14, 8.61),
('2024Wk19', 14, 8.61),
('2024Wk21', 14, 8.61),
('2024Wk23', 14, 8.61),
('2024Wk25', 14, 8.61),
('2024Wk27', 14, 8.61),
('2024Wk29', 14, 8.61),
('2024Wk31', 14, 8.61),
('2024Wk33', 14, 8.61),
('2024Wk35', 14, 8.61),
('2024Wk37', 14, 8.61),
('2024Wk39', 14, 8.61),
('2024Wk41', 14, 8.61),
('2024Wk43', 14, 8.61),
('2024Wk45', 14, 8.61),
('2024Wk47', 14, 8.61),
('2024Wk49', 14, 8.61),
('2024Wk51', 14, 8.61),
('2024Wk53', 14, 8.61),
('2020Wk02', 15, 8.61),
('2020Wk04', 15, 8.61),
('2020Wk06', 15, 8.61),
('2020Wk08', 15, 8.61),
('2020Wk10', 15, 8.61),
('2020Wk12', 15, 8.61),
('2020Wk14', 15, 8.61),
('2020Wk16', 15, 8.61),
('2020Wk18', 15, 8.61),
('2020Wk20', 15, 8.61),
('2020Wk22', 15, 8.61),
('2020Wk24', 15, 8.61),
('2020Wk26', 15, 8.61),
('2020Wk28', 15, 8.61),
('2020Wk30', 15, 8.61),
('2020Wk32', 15, 8.61),
('2020Wk34', 15, 8.61),
('2020Wk36', 15, 8.61),
('2020Wk38', 15, 8.61),
('2020Wk40', 15, 8.61),
('2020Wk42', 15, 8.61),
('2020Wk44', 15, 8.61),
('2020Wk46', 15, 8.61),
('2020Wk48', 15, 8.61),
('2020Wk50', 15, 8.61),
('2020Wk52', 15, 8.61),
('2021Wk01', 15, 8.63),
('2021Wk03', 15, 8.63),
('2021Wk05', 15, 8.63),
('2021Wk07', 15, 8.63),
('2021Wk09', 15, 8.63),
('2021Wk11', 15, 8.63),
('2021Wk13', 15, 8.63),
('2021Wk15', 15, 8.63),
('2021Wk17', 15, 8.63),
('2021Wk19', 15, 8.63),
('2021Wk21', 15, 8.63),
('2021Wk23', 15, 8.63),
('2021Wk25', 15, 8.63),
('2021Wk27', 15, 8.63),
('2021Wk29', 15, 8.63),
('2021Wk31', 15, 8.63),
('2021Wk33', 15, 8.63),
('2021Wk35', 15, 8.63),
('2021Wk37', 15, 8.63),
('2021Wk39', 15, 8.63),
('2021Wk41', 15, 8.63),
('2021Wk43', 15, 8.63),
('2021Wk45', 15, 8.63),
('2021Wk47', 15, 8.63),
('2021Wk49', 15, 8.63),
('2021Wk51', 15, 8.63),
('2022Wk01', 15, 8.63),
('2022Wk03', 15, 8.63),
('2022Wk05', 15, 8.63),
('2022Wk07', 15, 8.63),
('2022Wk09', 15, 8.63),
('2022Wk11', 15, 8.63),
('2022Wk13', 15, 8.63),
('2022Wk15', 15, 8.63),
('2022Wk17', 15, 8.63),
('2022Wk19', 15, 8.63),
('2022Wk21', 15, 8.63),
('2022Wk23', 15, 8.63),
('2022Wk25', 15, 8.63),
('2022Wk27', 15, 8.63),
('2022Wk29', 15, 8.63),
('2022Wk31', 15, 8.63),
('2022Wk33', 15, 8.63),
('2022Wk35', 15, 8.63),
('2022Wk37', 15, 8.63),
('2022Wk39', 15, 8.63),
('2022Wk41', 15, 8.63),
('2022Wk43', 15, 8.63),
('2022Wk45', 15, 8.63),
('2022Wk47', 15, 8.63),
('2022Wk49', 15, 8.63),
('2022Wk51', 15, 8.63),
('2023Wk01', 15, 8.63),
('2023Wk03', 15, 8.63),
('2023Wk05', 15, 8.63),
('2023Wk07', 15, 8.63),
('2023Wk09', 15, 8.63),
('2023Wk11', 15, 8.63),
('2023Wk13', 15, 8.63),
('2023Wk15', 15, 8.63),
('2023Wk17', 15, 8.63),
('2023Wk19', 15, 8.63),
('2023Wk21', 15, 8.63),
('2023Wk23', 15, 8.63),
('2023Wk25', 15, 8.63),
('2023Wk27', 15, 8.63),
('2023Wk29', 15, 8.63),
('2023Wk31', 15, 8.63),
('2023Wk33', 15, 8.63),
('2023Wk35', 15, 8.63),
('2023Wk37', 15, 8.63),
('2023Wk39', 15, 8.63),
('2023Wk41', 15, 8.63),
('2023Wk43', 15, 8.63),
('2023Wk45', 15, 8.63),
('2023Wk47', 15, 8.63),
('2023Wk49', 15, 8.63),
('2023Wk51', 15, 8.63),
('2024Wk01', 15, 8.61),
('2024Wk03', 15, 8.61),
('2024Wk05', 15, 8.61),
('2024Wk07', 15, 8.61),
('2024Wk09', 15, 8.61),
('2024Wk11', 15, 8.61),
('2024Wk13', 15, 8.61),
('2024Wk15', 15, 8.61),
('2024Wk17', 15, 8.61),
('2024Wk19', 15, 8.61),
('2024Wk21', 15, 8.61),
('2024Wk23', 15, 8.61),
('2024Wk25', 15, 8.61),
('2024Wk27', 15, 8.61),
('2024Wk29', 15, 8.61),
('2024Wk31', 15, 8.61),
('2024Wk33', 15, 8.61),
('2024Wk35', 15, 8.61),
('2024Wk37', 15, 8.61),
('2024Wk39', 15, 8.61),
('2024Wk41', 15, 8.61),
('2024Wk43', 15, 8.61),
('2024Wk45', 15, 8.61),
('2024Wk47', 15, 8.61),
('2024Wk49', 15, 8.61),
('2024Wk51', 15, 8.61),
('2024Wk53', 15, 8.61),
('2020Wk02', 16, 8.61),
('2020Wk04', 16, 8.61),
('2020Wk06', 16, 8.61),
('2020Wk08', 16, 8.61),
('2020Wk10', 16, 8.61),
('2020Wk12', 16, 8.61),
('2020Wk14', 16, 8.61),
('2020Wk16', 16, 8.61),
('2020Wk18', 16, 8.61),
('2020Wk20', 16, 8.61),
('2020Wk22', 16, 8.61),
('2020Wk24', 16, 8.61),
('2020Wk26', 16, 8.61),
('2020Wk28', 16, 8.61),
('2020Wk30', 16, 8.61),
('2020Wk32', 16, 8.61),
('2020Wk34', 16, 8.61),
('2020Wk36', 16, 8.61),
('2020Wk38', 16, 8.61),
('2020Wk40', 16, 8.61),
('2020Wk42', 16, 8.61),
('2020Wk44', 16, 8.61),
('2020Wk46', 16, 8.61),
('2020Wk48', 16, 8.61),
('2020Wk50', 16, 8.61),
('2020Wk52', 16, 8.61),
('2021Wk01', 16, 8.63),
('2021Wk03', 16, 8.63),
('2021Wk05', 16, 8.63),
('2021Wk07', 16, 8.63),
('2021Wk09', 16, 8.63),
('2021Wk11', 16, 8.63),
('2021Wk13', 16, 8.63),
('2021Wk15', 16, 8.63),
('2021Wk17', 16, 8.63),
('2021Wk19', 16, 8.63),
('2021Wk21', 16, 8.63),
('2021Wk23', 16, 8.63),
('2021Wk25', 16, 8.63),
('2021Wk27', 16, 8.63),
('2021Wk29', 16, 8.63),
('2021Wk31', 16, 8.63),
('2021Wk33', 16, 8.63),
('2021Wk35', 16, 8.63),
('2021Wk37', 16, 8.63),
('2021Wk39', 16, 8.63),
('2021Wk41', 16, 8.63),
('2021Wk43', 16, 8.63),
('2021Wk45', 16, 8.63),
('2021Wk47', 16, 8.63),
('2021Wk49', 16, 8.63),
('2021Wk51', 16, 8.63),
('2022Wk01', 16, 8.63),
('2022Wk03', 16, 8.63),
('2022Wk05', 16, 8.63),
('2022Wk07', 16, 8.63),
('2022Wk09', 16, 8.63),
('2022Wk11', 16, 8.63),
('2022Wk13', 16, 8.63),
('2022Wk15', 16, 8.63),
('2022Wk17', 16, 8.63),
('2022Wk19', 16, 8.63),
('2022Wk21', 16, 8.63),
('2022Wk23', 16, 8.63),
('2022Wk25', 16, 8.63),
('2022Wk27', 16, 8.63),
('2022Wk29', 16, 8.63),
('2022Wk31', 16, 8.63),
('2022Wk33', 16, 8.63),
('2022Wk35', 16, 8.63),
('2022Wk37', 16, 8.63),
('2022Wk39', 16, 8.63),
('2022Wk41', 16, 8.63),
('2022Wk43', 16, 8.63),
('2022Wk45', 16, 8.63),
('2022Wk47', 16, 8.63),
('2022Wk49', 16, 8.63),
('2022Wk51', 16, 8.63),
('2023Wk01', 16, 8.63),
('2023Wk03', 16, 8.63),
('2023Wk05', 16, 8.63),
('2023Wk07', 16, 8.63),
('2023Wk09', 16, 8.63),
('2023Wk11', 16, 8.63),
('2023Wk13', 16, 8.63),
('2023Wk15', 16, 8.63),
('2023Wk17', 16, 8.63),
('2023Wk19', 16, 8.63),
('2023Wk21', 16, 8.63),
('2023Wk23', 16, 8.63),
('2023Wk25', 16, 8.63),
('2023Wk27', 16, 8.63),
('2023Wk29', 16, 8.63),
('2023Wk31', 16, 8.63),
('2023Wk33', 16, 8.63),
('2023Wk35', 16, 8.63),
('2023Wk37', 16, 8.63),
('2023Wk39', 16, 8.63),
('2023Wk41', 16, 8.63),
('2023Wk43', 16, 8.63),
('2023Wk45', 16, 8.63),
('2023Wk47', 16, 8.63),
('2023Wk49', 16, 8.63),
('2023Wk51', 16, 8.63),
('2024Wk01', 16, 8.61),
('2024Wk03', 16, 8.61),
('2024Wk05', 16, 8.61),
('2024Wk07', 16, 8.61),
('2024Wk09', 16, 8.61),
('2024Wk11', 16, 8.61),
('2024Wk13', 16, 8.61),
('2024Wk15', 16, 8.61),
('2024Wk17', 16, 8.61),
('2024Wk19', 16, 8.61),
('2024Wk21', 16, 8.61),
('2024Wk23', 16, 8.61),
('2024Wk25', 16, 8.61),
('2024Wk27', 16, 8.61),
('2024Wk29', 16, 8.61),
('2024Wk31', 16, 8.61),
('2024Wk33', 16, 8.61),
('2024Wk35', 16, 8.61),
('2024Wk37', 16, 8.61),
('2024Wk39', 16, 8.61),
('2024Wk41', 16, 8.61),
('2024Wk43', 16, 8.61),
('2024Wk45', 16, 8.61),
('2024Wk47', 16, 8.61),
('2024Wk49', 16, 8.61),
('2024Wk51', 16, 8.61),
('2024Wk53', 16, 8.61),
('2020Wk02', 17, 8.61),
('2020Wk04', 17, 8.61),
('2020Wk06', 17, 8.61),
('2020Wk08', 17, 8.61),
('2020Wk10', 17, 8.61),
('2020Wk12', 17, 8.61),
('2020Wk14', 17, 8.61),
('2020Wk16', 17, 8.61),
('2020Wk18', 17, 8.61),
('2020Wk20', 17, 8.61),
('2020Wk22', 17, 8.61),
('2020Wk24', 17, 8.61),
('2020Wk26', 17, 8.61),
('2020Wk28', 17, 8.61),
('2020Wk30', 17, 8.61),
('2020Wk32', 17, 8.61),
('2020Wk34', 17, 8.61),
('2020Wk36', 17, 8.61),
('2020Wk38', 17, 8.61),
('2020Wk40', 17, 8.61),
('2020Wk42', 17, 8.61),
('2020Wk44', 17, 8.61),
('2020Wk46', 17, 8.61),
('2020Wk48', 17, 8.61),
('2020Wk50', 17, 8.61),
('2020Wk52', 17, 8.61),
('2021Wk01', 17, 8.63),
('2021Wk03', 17, 8.63),
('2021Wk05', 17, 8.63),
('2021Wk07', 17, 8.63),
('2021Wk09', 17, 8.63),
('2021Wk11', 17, 8.63),
('2021Wk13', 17, 8.63),
('2021Wk15', 17, 8.63),
('2021Wk17', 17, 8.63),
('2021Wk19', 17, 8.63),
('2021Wk21', 17, 8.63),
('2021Wk23', 17, 8.63),
('2021Wk25', 17, 8.63),
('2021Wk27', 17, 8.63),
('2021Wk29', 17, 8.63),
('2021Wk31', 17, 8.63),
('2021Wk33', 17, 8.63),
('2021Wk35', 17, 8.63),
('2021Wk37', 17, 8.63),
('2021Wk39', 17, 8.63),
('2021Wk41', 17, 8.63),
('2021Wk43', 17, 8.63),
('2021Wk45', 17, 8.63),
('2021Wk47', 17, 8.63),
('2021Wk49', 17, 8.63),
('2021Wk51', 17, 8.63),
('2022Wk01', 17, 8.63),
('2022Wk03', 17, 8.63),
('2022Wk05', 17, 8.63),
('2022Wk07', 17, 8.63),
('2022Wk09', 17, 8.63),
('2022Wk11', 17, 8.63),
('2022Wk13', 17, 8.63),
('2022Wk15', 17, 8.63),
('2022Wk17', 17, 8.63),
('2022Wk19', 17, 8.63),
('2022Wk21', 17, 8.63),
('2022Wk23', 17, 8.63),
('2022Wk25', 17, 8.63),
('2022Wk27', 17, 8.63),
('2022Wk29', 17, 8.63),
('2022Wk31', 17, 8.63),
('2022Wk33', 17, 8.63),
('2022Wk35', 17, 8.63),
('2022Wk37', 17, 8.63),
('2022Wk39', 17, 8.63),
('2022Wk41', 17, 8.63),
('2022Wk43', 17, 8.63),
('2022Wk45', 17, 8.63),
('2022Wk47', 17, 8.63),
('2022Wk49', 17, 8.63),
('2022Wk51', 17, 8.63),
('2023Wk01', 17, 8.63),
('2023Wk03', 17, 8.63),
('2023Wk05', 17, 8.63),
('2023Wk07', 17, 8.63),
('2023Wk09', 17, 8.63),
('2023Wk11', 17, 8.63),
('2023Wk13', 17, 8.63),
('2023Wk15', 17, 8.63),
('2023Wk17', 17, 8.63),
('2023Wk19', 17, 8.63),
('2023Wk21', 17, 8.63),
('2023Wk23', 17, 8.63),
('2023Wk25', 17, 8.63),
('2023Wk27', 17, 8.63),
('2023Wk29', 17, 8.63),
('2023Wk31', 17, 8.63),
('2023Wk33', 17, 8.63),
('2023Wk35', 17, 8.63),
('2023Wk37', 17, 8.63),
('2023Wk39', 17, 8.63),
('2023Wk41', 17, 8.63),
('2023Wk43', 17, 8.63),
('2023Wk45', 17, 8.63),
('2023Wk47', 17, 8.63),
('2023Wk49', 17, 8.63),
('2023Wk51', 17, 8.63),
('2024Wk01', 17, 8.61),
('2024Wk03', 17, 8.61),
('2024Wk05', 17, 8.61),
('2024Wk07', 17, 8.61),
('2024Wk09', 17, 8.61),
('2024Wk11', 17, 8.61),
('2024Wk13', 17, 8.61),
('2024Wk15', 17, 8.61),
('2024Wk17', 17, 8.61),
('2024Wk19', 17, 8.61),
('2024Wk21', 17, 8.61),
('2024Wk23', 17, 8.61),
('2024Wk25', 17, 8.61),
('2024Wk27', 17, 8.61),
('2024Wk29', 17, 8.61),
('2024Wk31', 17, 8.61),
('2024Wk33', 17, 8.61),
('2024Wk35', 17, 8.61),
('2024Wk37', 17, 8.61),
('2024Wk39', 17, 8.61),
('2024Wk41', 17, 8.61),
('2024Wk43', 17, 8.61),
('2024Wk45', 17, 8.61),
('2024Wk47', 17, 8.61),
('2024Wk49', 17, 8.61),
('2024Wk51', 17, 8.61),
('2024Wk53', 17, 8.61),
('2020Wk02', 18, 8.61),
('2020Wk04', 18, 8.61),
('2020Wk06', 18, 8.61),
('2020Wk08', 18, 8.61),
('2020Wk10', 18, 8.61),
('2020Wk12', 18, 8.61),
('2020Wk14', 18, 8.61),
('2020Wk16', 18, 8.61),
('2020Wk18', 18, 8.61),
('2020Wk20', 18, 8.61),
('2020Wk22', 18, 8.61),
('2020Wk24', 18, 8.61),
('2020Wk26', 18, 8.61),
('2020Wk28', 18, 8.61),
('2020Wk30', 18, 8.61),
('2020Wk32', 18, 8.61),
('2020Wk34', 18, 8.61),
('2020Wk36', 18, 8.61),
('2020Wk38', 18, 8.61),
('2020Wk40', 18, 8.61),
('2020Wk42', 18, 8.61),
('2020Wk44', 18, 8.61),
('2020Wk46', 18, 8.61),
('2020Wk48', 18, 8.61),
('2020Wk50', 18, 8.61),
('2020Wk52', 18, 8.61),
('2021Wk01', 18, 8.63),
('2021Wk03', 18, 8.63),
('2021Wk05', 18, 8.63),
('2021Wk07', 18, 8.63),
('2021Wk09', 18, 8.63),
('2021Wk11', 18, 8.63),
('2021Wk13', 18, 8.63),
('2021Wk15', 18, 8.63),
('2021Wk17', 18, 8.63),
('2021Wk19', 18, 8.63),
('2021Wk21', 18, 8.63),
('2021Wk23', 18, 8.63),
('2021Wk25', 18, 8.63),
('2021Wk27', 18, 8.63),
('2021Wk29', 18, 8.63),
('2021Wk31', 18, 8.63),
('2021Wk33', 18, 8.63),
('2021Wk35', 18, 8.63),
('2021Wk37', 18, 8.63),
('2021Wk39', 18, 8.63),
('2021Wk41', 18, 8.63),
('2021Wk43', 18, 8.63),
('2021Wk45', 18, 8.63),
('2021Wk47', 18, 8.63),
('2021Wk49', 18, 8.63),
('2021Wk51', 18, 8.63),
('2022Wk01', 18, 8.63),
('2022Wk03', 18, 8.63),
('2022Wk05', 18, 8.63),
('2022Wk07', 18, 8.63),
('2022Wk09', 18, 8.63),
('2022Wk11', 18, 8.63),
('2022Wk13', 18, 8.63),
('2022Wk15', 18, 8.63),
('2022Wk17', 18, 8.63),
('2022Wk19', 18, 8.63),
('2022Wk21', 18, 8.63),
('2022Wk23', 18, 8.63),
('2022Wk25', 18, 8.63),
('2022Wk27', 18, 8.63),
('2022Wk29', 18, 8.63),
('2022Wk31', 18, 8.63),
('2022Wk33', 18, 8.63),
('2022Wk35', 18, 8.63),
('2022Wk37', 18, 8.63),
('2022Wk39', 18, 8.63),
('2022Wk41', 18, 8.63),
('2022Wk43', 18, 8.63),
('2022Wk45', 18, 8.63),
('2022Wk47', 18, 8.63),
('2022Wk49', 18, 8.63),
('2022Wk51', 18, 8.63),
('2023Wk01', 18, 8.63),
('2023Wk03', 18, 8.63),
('2023Wk05', 18, 8.63),
('2023Wk07', 18, 8.63),
('2023Wk09', 18, 8.63),
('2023Wk11', 18, 8.63),
('2023Wk13', 18, 8.63),
('2023Wk15', 18, 8.63),
('2023Wk17', 18, 8.63),
('2023Wk19', 18, 8.63),
('2023Wk21', 18, 8.63),
('2023Wk23', 18, 8.63),
('2023Wk25', 18, 8.63),
('2023Wk27', 18, 8.63),
('2023Wk29', 18, 8.63),
('2023Wk31', 18, 8.63),
('2023Wk33', 18, 8.63),
('2023Wk35', 18, 8.63),
('2023Wk37', 18, 8.63),
('2023Wk39', 18, 8.63),
('2023Wk41', 18, 8.63),
('2023Wk43', 18, 8.63),
('2023Wk45', 18, 8.63),
('2023Wk47', 18, 8.63),
('2023Wk49', 18, 8.63),
('2023Wk51', 18, 8.63),
('2024Wk01', 18, 8.61),
('2024Wk03', 18, 8.61),
('2024Wk05', 18, 8.61),
('2024Wk07', 18, 8.61),
('2024Wk09', 18, 8.61),
('2024Wk11', 18, 8.61),
('2024Wk13', 18, 8.61),
('2024Wk15', 18, 8.61),
('2024Wk17', 18, 8.61),
('2024Wk19', 18, 8.61),
('2024Wk21', 18, 8.61),
('2024Wk23', 18, 8.61),
('2024Wk25', 18, 8.61),
('2024Wk27', 18, 8.61),
('2024Wk29', 18, 8.61),
('2024Wk31', 18, 8.61),
('2024Wk33', 18, 8.61),
('2024Wk35', 18, 8.61),
('2024Wk37', 18, 8.61),
('2024Wk39', 18, 8.61),
('2024Wk41', 18, 8.61),
('2024Wk43', 18, 8.61),
('2024Wk45', 18, 8.61),
('2024Wk47', 18, 8.61),
('2024Wk49', 18, 8.61),
('2024Wk51', 18, 8.61),
('2024Wk53', 18, 8.61),
('2020Wk02', 19, 8.61),
('2020Wk04', 19, 8.61),
('2020Wk06', 19, 8.61),
('2020Wk08', 19, 8.61),
('2020Wk10', 19, 8.61),
('2020Wk12', 19, 8.61),
('2020Wk14', 19, 8.61),
('2020Wk16', 19, 8.61),
('2020Wk18', 19, 8.61),
('2020Wk20', 19, 8.61),
('2020Wk22', 19, 8.61),
('2020Wk24', 19, 8.61),
('2020Wk26', 19, 8.61),
('2020Wk28', 19, 8.61),
('2020Wk30', 19, 8.61),
('2020Wk32', 19, 8.61),
('2020Wk34', 19, 8.61),
('2020Wk36', 19, 8.61),
('2020Wk38', 19, 8.61),
('2020Wk40', 19, 8.61),
('2020Wk42', 19, 8.61),
('2020Wk44', 19, 8.61),
('2020Wk46', 19, 8.61),
('2020Wk48', 19, 8.61),
('2020Wk50', 19, 8.61),
('2020Wk52', 19, 8.61),
('2021Wk01', 19, 8.63),
('2021Wk03', 19, 8.63),
('2021Wk05', 19, 8.63),
('2021Wk07', 19, 8.63),
('2021Wk09', 19, 8.63),
('2021Wk11', 19, 8.63),
('2021Wk13', 19, 8.63),
('2021Wk15', 19, 8.63),
('2021Wk17', 19, 8.63),
('2021Wk19', 19, 8.63),
('2021Wk21', 19, 8.63),
('2021Wk23', 19, 8.63),
('2021Wk25', 19, 8.63),
('2021Wk27', 19, 8.63),
('2021Wk29', 19, 8.63),
('2021Wk31', 19, 8.63),
('2021Wk33', 19, 8.63),
('2021Wk35', 19, 8.63),
('2021Wk37', 19, 8.63),
('2021Wk39', 19, 8.63),
('2021Wk41', 19, 8.63),
('2021Wk43', 19, 8.63),
('2021Wk45', 19, 8.63),
('2021Wk47', 19, 8.63),
('2021Wk49', 19, 8.63),
('2021Wk51', 19, 8.63),
('2022Wk01', 19, 8.63),
('2022Wk03', 19, 8.63),
('2022Wk05', 19, 8.63),
('2022Wk07', 19, 8.63),
('2022Wk09', 19, 8.63),
('2022Wk11', 19, 8.63),
('2022Wk13', 19, 8.63),
('2022Wk15', 19, 8.63),
('2022Wk17', 19, 8.63),
('2022Wk19', 19, 8.63),
('2022Wk21', 19, 8.63),
('2022Wk23', 19, 8.63),
('2022Wk25', 19, 8.63),
('2022Wk27', 19, 8.63),
('2022Wk29', 19, 8.63),
('2022Wk31', 19, 8.63),
('2022Wk33', 19, 8.63),
('2022Wk35', 19, 8.63),
('2022Wk37', 19, 8.63),
('2022Wk39', 19, 8.63),
('2022Wk41', 19, 8.63),
('2022Wk43', 19, 8.63),
('2022Wk45', 19, 8.63),
('2022Wk47', 19, 8.63),
('2022Wk49', 19, 8.63),
('2022Wk51', 19, 8.63),
('2023Wk01', 19, 8.63),
('2023Wk03', 19, 8.63),
('2023Wk05', 19, 8.63),
('2023Wk07', 19, 8.63),
('2023Wk09', 19, 8.63),
('2023Wk11', 19, 8.63),
('2023Wk13', 19, 8.63),
('2023Wk15', 19, 8.63),
('2023Wk17', 19, 8.63),
('2023Wk19', 19, 8.63),
('2023Wk21', 19, 8.63),
('2023Wk23', 19, 8.63),
('2023Wk25', 19, 8.63),
('2023Wk27', 19, 8.63),
('2023Wk29', 19, 8.63),
('2023Wk31', 19, 8.63),
('2023Wk33', 19, 8.63),
('2023Wk35', 19, 8.63),
('2023Wk37', 19, 8.63),
('2023Wk39', 19, 8.63),
('2023Wk41', 19, 8.63),
('2023Wk43', 19, 8.63),
('2023Wk45', 19, 8.63),
('2023Wk47', 19, 8.63),
('2023Wk49', 19, 8.63),
('2023Wk51', 19, 8.63),
('2024Wk01', 19, 8.61),
('2024Wk03', 19, 8.61),
('2024Wk05', 19, 8.61),
('2024Wk07', 19, 8.61),
('2024Wk09', 19, 8.61),
('2024Wk11', 19, 8.61),
('2024Wk13', 19, 8.61),
('2024Wk15', 19, 8.61),
('2024Wk17', 19, 8.61),
('2024Wk19', 19, 8.61),
('2024Wk21', 19, 8.61),
('2024Wk23', 19, 8.61),
('2024Wk25', 19, 8.61),
('2024Wk27', 19, 8.61),
('2024Wk29', 19, 8.61),
('2024Wk31', 19, 8.61),
('2024Wk33', 19, 8.61),
('2024Wk35', 19, 8.61),
('2024Wk37', 19, 8.61),
('2024Wk39', 19, 8.61),
('2024Wk41', 19, 8.61),
('2024Wk43', 19, 8.61),
('2024Wk45', 19, 8.61),
('2024Wk47', 19, 8.61),
('2024Wk49', 19, 8.61),
('2024Wk51', 19, 8.61),
('2024Wk53', 19, 8.61),
('2020Wk02', 20, 8.61),
('2020Wk04', 20, 8.61),
('2020Wk06', 20, 8.61),
('2020Wk08', 20, 8.61),
('2020Wk10', 20, 8.61),
('2020Wk12', 20, 8.61),
('2020Wk14', 20, 8.61),
('2020Wk16', 20, 8.61),
('2020Wk18', 20, 8.61),
('2020Wk20', 20, 8.61),
('2020Wk22', 20, 8.61),
('2020Wk24', 20, 8.61),
('2020Wk26', 20, 8.61),
('2020Wk28', 20, 8.61),
('2020Wk30', 20, 8.61),
('2020Wk32', 20, 8.61),
('2020Wk34', 20, 8.61),
('2020Wk36', 20, 8.61),
('2020Wk38', 20, 8.61),
('2020Wk40', 20, 8.61),
('2020Wk42', 20, 8.61),
('2020Wk44', 20, 8.61),
('2020Wk46', 20, 8.61),
('2020Wk48', 20, 8.61),
('2020Wk50', 20, 8.61),
('2020Wk52', 20, 8.61),
('2021Wk01', 20, 8.63),
('2021Wk03', 20, 8.63),
('2021Wk05', 20, 8.63),
('2021Wk07', 20, 8.63),
('2021Wk09', 20, 8.63),
('2021Wk11', 20, 8.63),
('2021Wk13', 20, 8.63),
('2021Wk15', 20, 8.63),
('2021Wk17', 20, 8.63),
('2021Wk19', 20, 8.63),
('2021Wk21', 20, 8.63),
('2021Wk23', 20, 8.63),
('2021Wk25', 20, 8.63),
('2021Wk27', 20, 8.63),
('2021Wk29', 20, 8.63),
('2021Wk31', 20, 8.63),
('2021Wk33', 20, 8.63),
('2021Wk35', 20, 8.63),
('2021Wk37', 20, 8.63),
('2021Wk39', 20, 8.63),
('2021Wk41', 20, 8.63),
('2021Wk43', 20, 8.63),
('2021Wk45', 20, 8.63),
('2021Wk47', 20, 8.63),
('2021Wk49', 20, 8.63),
('2021Wk51', 20, 8.63),
('2022Wk01', 20, 8.63),
('2022Wk03', 20, 8.63),
('2022Wk05', 20, 8.63),
('2022Wk07', 20, 8.63),
('2022Wk09', 20, 8.63),
('2022Wk11', 20, 8.63),
('2022Wk13', 20, 8.63),
('2022Wk15', 20, 8.63),
('2022Wk17', 20, 8.63),
('2022Wk19', 20, 8.63),
('2022Wk21', 20, 8.63),
('2022Wk23', 20, 8.63),
('2022Wk25', 20, 8.63),
('2022Wk27', 20, 8.63),
('2022Wk29', 20, 8.63),
('2022Wk31', 20, 8.63),
('2022Wk33', 20, 8.63),
('2022Wk35', 20, 8.63),
('2022Wk37', 20, 8.63),
('2022Wk39', 20, 8.63),
('2022Wk41', 20, 8.63),
('2022Wk43', 20, 8.63),
('2022Wk45', 20, 8.63),
('2022Wk47', 20, 8.63),
('2022Wk49', 20, 8.63),
('2022Wk51', 20, 8.63),
('2023Wk01', 20, 8.63),
('2023Wk03', 20, 8.63),
('2023Wk05', 20, 8.63),
('2023Wk07', 20, 8.63),
('2023Wk09', 20, 8.63),
('2023Wk11', 20, 8.63),
('2023Wk13', 20, 8.63),
('2023Wk15', 20, 8.63),
('2023Wk17', 20, 8.63),
('2023Wk19', 20, 8.63),
('2023Wk21', 20, 8.63),
('2023Wk23', 20, 8.63),
('2023Wk25', 20, 8.63),
('2023Wk27', 20, 8.63),
('2023Wk29', 20, 8.63),
('2023Wk31', 20, 8.63),
('2023Wk33', 20, 8.63),
('2023Wk35', 20, 8.63),
('2023Wk37', 20, 8.63),
('2023Wk39', 20, 8.63),
('2023Wk41', 20, 8.63),
('2023Wk43', 20, 8.63),
('2023Wk45', 20, 8.63),
('2023Wk47', 20, 8.63),
('2023Wk49', 20, 8.63),
('2023Wk51', 20, 8.63),
('2024Wk01', 20, 8.61),
('2024Wk03', 20, 8.61),
('2024Wk05', 20, 8.61),
('2024Wk07', 20, 8.61),
('2024Wk09', 20, 8.61),
('2024Wk11', 20, 8.61),
('2024Wk13', 20, 8.61),
('2024Wk15', 20, 8.61),
('2024Wk17', 20, 8.61),
('2024Wk19', 20, 8.61),
('2024Wk21', 20, 8.61),
('2024Wk23', 20, 8.61),
('2024Wk25', 20, 8.61),
('2024Wk27', 20, 8.61),
('2024Wk29', 20, 8.61),
('2024Wk31', 20, 8.61),
('2024Wk33', 20, 8.61),
('2024Wk35', 20, 8.61),
('2024Wk37', 20, 8.61),
('2024Wk39', 20, 8.61),
('2024Wk41', 20, 8.61),
('2024Wk43', 20, 8.61),
('2024Wk45', 20, 8.61),
('2024Wk47', 20, 8.61),
('2024Wk49', 20, 8.61),
('2024Wk51', 20, 8.61),
('2024Wk53', 20, 8.61),
('2020Wk02', 21, 8.61),
('2020Wk04', 21, 8.61),
('2020Wk06', 21, 8.61),
('2020Wk08', 21, 8.61),
('2020Wk10', 21, 8.61),
('2020Wk12', 21, 8.61),
('2020Wk14', 21, 8.61),
('2020Wk16', 21, 8.61),
('2020Wk18', 21, 8.61),
('2020Wk20', 21, 8.61),
('2020Wk22', 21, 8.61),
('2020Wk24', 21, 8.61),
('2020Wk26', 21, 8.61),
('2020Wk28', 21, 8.61),
('2020Wk30', 21, 8.61),
('2020Wk32', 21, 8.61),
('2020Wk34', 21, 8.61),
('2020Wk36', 21, 8.61),
('2020Wk38', 21, 8.61),
('2020Wk40', 21, 8.61),
('2020Wk42', 21, 8.61),
('2020Wk44', 21, 8.61),
('2020Wk46', 21, 8.61),
('2020Wk48', 21, 8.61),
('2020Wk50', 21, 8.61),
('2020Wk52', 21, 8.61),
('2021Wk01', 21, 8.63),
('2021Wk03', 21, 8.63),
('2021Wk05', 21, 8.63),
('2021Wk07', 21, 8.63),
('2021Wk09', 21, 8.63),
('2021Wk11', 21, 8.63),
('2021Wk13', 21, 8.63),
('2021Wk15', 21, 8.63),
('2021Wk17', 21, 8.63),
('2021Wk19', 21, 8.63),
('2021Wk21', 21, 8.63),
('2021Wk23', 21, 8.63),
('2021Wk25', 21, 8.63),
('2021Wk27', 21, 8.63),
('2021Wk29', 21, 8.63),
('2021Wk31', 21, 8.63),
('2021Wk33', 21, 8.63),
('2021Wk35', 21, 8.63),
('2021Wk37', 21, 8.63),
('2021Wk39', 21, 8.63),
('2021Wk41', 21, 8.63),
('2021Wk43', 21, 8.63),
('2021Wk45', 21, 8.63),
('2021Wk47', 21, 8.63),
('2021Wk49', 21, 8.63),
('2021Wk51', 21, 8.63),
('2022Wk01', 21, 8.63),
('2022Wk03', 21, 8.63),
('2022Wk05', 21, 8.63),
('2022Wk07', 21, 8.63),
('2022Wk09', 21, 8.63),
('2022Wk11', 21, 8.63),
('2022Wk13', 21, 8.63),
('2022Wk15', 21, 8.63),
('2022Wk17', 21, 8.63),
('2022Wk19', 21, 8.63),
('2022Wk21', 21, 8.63),
('2022Wk23', 21, 8.63),
('2022Wk25', 21, 8.63),
('2022Wk27', 21, 8.63),
('2022Wk29', 21, 8.63),
('2022Wk31', 21, 8.63),
('2022Wk33', 21, 8.63),
('2022Wk35', 21, 8.63),
('2022Wk37', 21, 8.63),
('2022Wk39', 21, 8.63),
('2022Wk41', 21, 8.63),
('2022Wk43', 21, 8.63),
('2022Wk45', 21, 8.63),
('2022Wk47', 21, 8.63),
('2022Wk49', 21, 8.63),
('2022Wk51', 21, 8.63),
('2023Wk01', 21, 8.63),
('2023Wk03', 21, 8.63),
('2023Wk05', 21, 8.63),
('2023Wk07', 21, 8.63),
('2023Wk09', 21, 8.63),
('2023Wk11', 21, 8.63),
('2023Wk13', 21, 8.63),
('2023Wk15', 21, 8.63),
('2023Wk17', 21, 8.63),
('2023Wk19', 21, 8.63),
('2023Wk21', 21, 8.63),
('2023Wk23', 21, 8.63),
('2023Wk25', 21, 8.63),
('2023Wk27', 21, 8.63),
('2023Wk29', 21, 8.63),
('2023Wk31', 21, 8.63),
('2023Wk33', 21, 8.63),
('2023Wk35', 21, 8.63),
('2023Wk37', 21, 8.63),
('2023Wk39', 21, 8.63),
('2023Wk41', 21, 8.63),
('2023Wk43', 21, 8.63),
('2023Wk45', 21, 8.63),
('2023Wk47', 21, 8.63),
('2023Wk49', 21, 8.63),
('2023Wk51', 21, 8.63),
('2024Wk01', 21, 8.61),
('2024Wk03', 21, 8.61),
('2024Wk05', 21, 8.61),
('2024Wk07', 21, 8.61),
('2024Wk09', 21, 8.61),
('2024Wk11', 21, 8.61),
('2024Wk13', 21, 8.61),
('2024Wk15', 21, 8.61),
('2024Wk17', 21, 8.61),
('2024Wk19', 21, 8.61),
('2024Wk21', 21, 8.61),
('2024Wk23', 21, 8.61),
('2024Wk25', 21, 8.61),
('2024Wk27', 21, 8.61),
('2024Wk29', 21, 8.61),
('2024Wk31', 21, 8.61),
('2024Wk33', 21, 8.61),
('2024Wk35', 21, 8.61),
('2024Wk37', 21, 8.61),
('2024Wk39', 21, 8.61),
('2024Wk41', 21, 8.61),
('2024Wk43', 21, 8.61),
('2024Wk45', 21, 8.61),
('2024Wk47', 21, 8.61),
('2024Wk49', 21, 8.61),
('2024Wk51', 21, 8.61),
('2024Wk53', 21, 8.61),
('2020Wk02', 22, 8.61),
('2020Wk04', 22, 8.61),
('2020Wk06', 22, 8.61),
('2020Wk08', 22, 8.61),
('2020Wk10', 22, 8.61),
('2020Wk12', 22, 8.61),
('2020Wk14', 22, 8.61),
('2020Wk16', 22, 8.61),
('2020Wk18', 22, 8.61),
('2020Wk20', 22, 8.61),
('2020Wk22', 22, 8.61),
('2020Wk24', 22, 8.61),
('2020Wk26', 22, 8.61),
('2020Wk28', 22, 8.61),
('2020Wk30', 22, 8.61),
('2020Wk32', 22, 8.61),
('2020Wk34', 22, 8.61),
('2020Wk36', 22, 8.61),
('2020Wk38', 22, 8.61),
('2020Wk40', 22, 8.61),
('2020Wk42', 22, 8.61),
('2020Wk44', 22, 8.61),
('2020Wk46', 22, 8.61),
('2020Wk48', 22, 8.61),
('2020Wk50', 22, 8.61),
('2020Wk52', 22, 8.61),
('2021Wk01', 22, 8.63),
('2021Wk03', 22, 8.63),
('2021Wk05', 22, 8.63),
('2021Wk07', 22, 8.63),
('2021Wk09', 22, 8.63),
('2021Wk11', 22, 8.63),
('2021Wk13', 22, 8.63),
('2021Wk15', 22, 8.63),
('2021Wk17', 22, 8.63),
('2021Wk19', 22, 8.63),
('2021Wk21', 22, 8.63),
('2021Wk23', 22, 8.63),
('2021Wk25', 22, 8.63),
('2021Wk27', 22, 8.63),
('2021Wk29', 22, 8.63),
('2021Wk31', 22, 8.63),
('2021Wk33', 22, 8.63),
('2021Wk35', 22, 8.63),
('2021Wk37', 22, 8.63),
('2021Wk39', 22, 8.63),
('2021Wk41', 22, 8.63),
('2021Wk43', 22, 8.63),
('2021Wk45', 22, 8.63),
('2021Wk47', 22, 8.63),
('2021Wk49', 22, 8.63),
('2021Wk51', 22, 8.63),
('2022Wk01', 22, 8.63),
('2022Wk03', 22, 8.63),
('2022Wk05', 22, 8.63),
('2022Wk07', 22, 8.63),
('2022Wk09', 22, 8.63),
('2022Wk11', 22, 8.63),
('2022Wk13', 22, 8.63),
('2022Wk15', 22, 8.63),
('2022Wk17', 22, 8.63),
('2022Wk19', 22, 8.63),
('2022Wk21', 22, 8.63),
('2022Wk23', 22, 8.63),
('2022Wk25', 22, 8.63),
('2022Wk27', 22, 8.63),
('2022Wk29', 22, 8.63),
('2022Wk31', 22, 8.63),
('2022Wk33', 22, 8.63),
('2022Wk35', 22, 8.63),
('2022Wk37', 22, 8.63),
('2022Wk39', 22, 8.63),
('2022Wk41', 22, 8.63),
('2022Wk43', 22, 8.63),
('2022Wk45', 22, 8.63),
('2022Wk47', 22, 8.63),
('2022Wk49', 22, 8.63),
('2022Wk51', 22, 8.63),
('2023Wk01', 22, 8.63),
('2023Wk03', 22, 8.63),
('2023Wk05', 22, 8.63),
('2023Wk07', 22, 8.63),
('2023Wk09', 22, 8.63),
('2023Wk11', 22, 8.63),
('2023Wk13', 22, 8.63),
('2023Wk15', 22, 8.63),
('2023Wk17', 22, 8.63),
('2023Wk19', 22, 8.63),
('2023Wk21', 22, 8.63),
('2023Wk23', 22, 8.63),
('2023Wk25', 22, 8.63),
('2023Wk27', 22, 8.63),
('2023Wk29', 22, 8.63),
('2023Wk31', 22, 8.63),
('2023Wk33', 22, 8.63),
('2023Wk35', 22, 8.63),
('2023Wk37', 22, 8.63),
('2023Wk39', 22, 8.63),
('2023Wk41', 22, 8.63),
('2023Wk43', 22, 8.63),
('2023Wk45', 22, 8.63),
('2023Wk47', 22, 8.63),
('2023Wk49', 22, 8.63),
('2023Wk51', 22, 8.63),
('2024Wk01', 22, 8.61),
('2024Wk03', 22, 8.61),
('2024Wk05', 22, 8.61),
('2024Wk07', 22, 8.61),
('2024Wk09', 22, 8.61),
('2024Wk11', 22, 8.61),
('2024Wk13', 22, 8.61),
('2024Wk15', 22, 8.61),
('2024Wk17', 22, 8.61),
('2024Wk19', 22, 8.61),
('2024Wk21', 22, 8.61),
('2024Wk23', 22, 8.61),
('2024Wk25', 22, 8.61),
('2024Wk27', 22, 8.61),
('2024Wk29', 22, 8.61),
('2024Wk31', 22, 8.61),
('2024Wk33', 22, 8.61),
('2024Wk35', 22, 8.61),
('2024Wk37', 22, 8.61),
('2024Wk39', 22, 8.61),
('2024Wk41', 22, 8.61),
('2024Wk43', 22, 8.61),
('2024Wk45', 22, 8.61),
('2024Wk47', 22, 8.61),
('2024Wk49', 22, 8.61),
('2024Wk51', 22, 8.61),
('2024Wk53', 22, 8.61),
('2020Wk02', 23, 8.61),
('2020Wk04', 23, 8.61),
('2020Wk06', 23, 8.61),
('2020Wk08', 23, 8.61),
('2020Wk10', 23, 8.61),
('2020Wk12', 23, 8.61),
('2020Wk14', 23, 8.61),
('2020Wk16', 23, 8.61),
('2020Wk18', 23, 8.61),
('2020Wk20', 23, 8.61),
('2020Wk22', 23, 8.61),
('2020Wk24', 23, 8.61),
('2020Wk26', 23, 8.61),
('2020Wk28', 23, 8.61),
('2020Wk30', 23, 8.61),
('2020Wk32', 23, 8.61),
('2020Wk34', 23, 8.61),
('2020Wk36', 23, 8.61),
('2020Wk38', 23, 8.61),
('2020Wk40', 23, 8.61),
('2020Wk42', 23, 8.61),
('2020Wk44', 23, 8.61),
('2020Wk46', 23, 8.61),
('2020Wk48', 23, 8.61),
('2020Wk50', 23, 8.61),
('2020Wk52', 23, 8.61),
('2021Wk01', 23, 8.63),
('2021Wk03', 23, 8.63),
('2021Wk05', 23, 8.63),
('2021Wk07', 23, 8.63),
('2021Wk09', 23, 8.63),
('2021Wk11', 23, 8.63),
('2021Wk13', 23, 8.63),
('2021Wk15', 23, 8.63),
('2021Wk17', 23, 8.63),
('2021Wk19', 23, 8.63),
('2021Wk21', 23, 8.63),
('2021Wk23', 23, 8.63),
('2021Wk25', 23, 8.63),
('2021Wk27', 23, 8.63),
('2021Wk29', 23, 8.63),
('2021Wk31', 23, 8.63),
('2021Wk33', 23, 8.63),
('2021Wk35', 23, 8.63),
('2021Wk37', 23, 8.63),
('2021Wk39', 23, 8.63),
('2021Wk41', 23, 8.63),
('2021Wk43', 23, 8.63),
('2021Wk45', 23, 8.63),
('2021Wk47', 23, 8.63),
('2021Wk49', 23, 8.63),
('2021Wk51', 23, 8.63),
('2022Wk01', 23, 8.63),
('2022Wk03', 23, 8.63),
('2022Wk05', 23, 8.63),
('2022Wk07', 23, 8.63),
('2022Wk09', 23, 8.63),
('2022Wk11', 23, 8.63),
('2022Wk13', 23, 8.63),
('2022Wk15', 23, 8.63),
('2022Wk17', 23, 8.63),
('2022Wk19', 23, 8.63),
('2022Wk21', 23, 8.63),
('2022Wk23', 23, 8.63),
('2022Wk25', 23, 8.63),
('2022Wk27', 23, 8.63),
('2022Wk29', 23, 8.63),
('2022Wk31', 23, 8.63),
('2022Wk33', 23, 8.63),
('2022Wk35', 23, 8.63),
('2022Wk37', 23, 8.63),
('2022Wk39', 23, 8.63),
('2022Wk41', 23, 8.63),
('2022Wk43', 23, 8.63),
('2022Wk45', 23, 8.63),
('2022Wk47', 23, 8.63),
('2022Wk49', 23, 8.63),
('2022Wk51', 23, 8.63),
('2023Wk01', 23, 8.63),
('2023Wk03', 23, 8.63),
('2023Wk05', 23, 8.63),
('2023Wk07', 23, 8.63),
('2023Wk09', 23, 8.63),
('2023Wk11', 23, 8.63),
('2023Wk13', 23, 8.63),
('2023Wk15', 23, 8.63),
('2023Wk17', 23, 8.63),
('2023Wk19', 23, 8.63),
('2023Wk21', 23, 8.63),
('2023Wk23', 23, 8.63),
('2023Wk25', 23, 8.63),
('2023Wk27', 23, 8.63),
('2023Wk29', 23, 8.63),
('2023Wk31', 23, 8.63),
('2023Wk33', 23, 8.63),
('2023Wk35', 23, 8.63),
('2023Wk37', 23, 8.63),
('2023Wk39', 23, 8.63),
('2023Wk41', 23, 8.63),
('2023Wk43', 23, 8.63),
('2023Wk45', 23, 8.63),
('2023Wk47', 23, 8.63),
('2023Wk49', 23, 8.63),
('2023Wk51', 23, 8.63),
('2024Wk01', 23, 8.61),
('2024Wk03', 23, 8.61),
('2024Wk05', 23, 8.61),
('2024Wk07', 23, 8.61),
('2024Wk09', 23, 8.61),
('2024Wk11', 23, 8.61),
('2024Wk13', 23, 8.61),
('2024Wk15', 23, 8.61),
('2024Wk17', 23, 8.61),
('2024Wk19', 23, 8.61),
('2024Wk21', 23, 8.61),
('2024Wk23', 23, 8.61),
('2024Wk25', 23, 8.61),
('2024Wk27', 23, 8.61),
('2024Wk29', 23, 8.61),
('2024Wk31', 23, 8.61),
('2024Wk33', 23, 8.61),
('2024Wk35', 23, 8.61),
('2024Wk37', 23, 8.61),
('2024Wk39', 23, 8.61),
('2024Wk41', 23, 8.61),
('2024Wk43', 23, 8.61),
('2024Wk45', 23, 8.61),
('2024Wk47', 23, 8.61),
('2024Wk49', 23, 8.61),
('2024Wk51', 23, 8.61),
('2024Wk53', 23, 8.61),
('2020Wk02', 24, 8.61),
('2020Wk04', 24, 8.61),
('2020Wk06', 24, 8.61),
('2020Wk08', 24, 8.61),
('2020Wk10', 24, 8.61),
('2020Wk12', 24, 8.61),
('2020Wk14', 24, 8.61),
('2020Wk16', 24, 8.61),
('2020Wk18', 24, 8.61),
('2020Wk20', 24, 8.61),
('2020Wk22', 24, 8.61),
('2020Wk24', 24, 8.61),
('2020Wk26', 24, 8.61),
('2020Wk28', 24, 8.61),
('2020Wk30', 24, 8.61),
('2020Wk32', 24, 8.61),
('2020Wk34', 24, 8.61),
('2020Wk36', 24, 8.61),
('2020Wk38', 24, 8.61),
('2020Wk40', 24, 8.61),
('2020Wk42', 24, 8.61),
('2020Wk44', 24, 8.61),
('2020Wk46', 24, 8.61),
('2020Wk48', 24, 8.61),
('2020Wk50', 24, 8.61),
('2020Wk52', 24, 8.61),
('2021Wk01', 24, 8.63),
('2021Wk03', 24, 8.63),
('2021Wk05', 24, 8.63),
('2021Wk07', 24, 8.63),
('2021Wk09', 24, 8.63),
('2021Wk11', 24, 8.63),
('2021Wk13', 24, 8.63),
('2021Wk15', 24, 8.63),
('2021Wk17', 24, 8.63),
('2021Wk19', 24, 8.63),
('2021Wk21', 24, 8.63),
('2021Wk23', 24, 8.63),
('2021Wk25', 24, 8.63),
('2021Wk27', 24, 8.63),
('2021Wk29', 24, 8.63),
('2021Wk31', 24, 8.63),
('2021Wk33', 24, 8.63),
('2021Wk35', 24, 8.63),
('2021Wk37', 24, 8.63),
('2021Wk39', 24, 8.63),
('2021Wk41', 24, 8.63),
('2021Wk43', 24, 8.63),
('2021Wk45', 24, 8.63),
('2021Wk47', 24, 8.63),
('2021Wk49', 24, 8.63),
('2021Wk51', 24, 8.63),
('2022Wk01', 24, 8.63),
('2022Wk03', 24, 8.63),
('2022Wk05', 24, 8.63),
('2022Wk07', 24, 8.63),
('2022Wk09', 24, 8.63),
('2022Wk11', 24, 8.63),
('2022Wk13', 24, 8.63),
('2022Wk15', 24, 8.63),
('2022Wk17', 24, 8.63),
('2022Wk19', 24, 8.63),
('2022Wk21', 24, 8.63),
('2022Wk23', 24, 8.63),
('2022Wk25', 24, 8.63),
('2022Wk27', 24, 8.63),
('2022Wk29', 24, 8.63),
('2022Wk31', 24, 8.63),
('2022Wk33', 24, 8.63),
('2022Wk35', 24, 8.63),
('2022Wk37', 24, 8.63),
('2022Wk39', 24, 8.63),
('2022Wk41', 24, 8.63),
('2022Wk43', 24, 8.63),
('2022Wk45', 24, 8.63),
('2022Wk47', 24, 8.63),
('2022Wk49', 24, 8.63),
('2022Wk51', 24, 8.63),
('2023Wk01', 24, 8.63),
('2023Wk03', 24, 8.63),
('2023Wk05', 24, 8.63),
('2023Wk07', 24, 8.63),
('2023Wk09', 24, 8.63),
('2023Wk11', 24, 8.63),
('2023Wk13', 24, 8.63),
('2023Wk15', 24, 8.63),
('2023Wk17', 24, 8.63),
('2023Wk19', 24, 8.63),
('2023Wk21', 24, 8.63),
('2023Wk23', 24, 8.63),
('2023Wk25', 24, 8.63),
('2023Wk27', 24, 8.63),
('2023Wk29', 24, 8.63),
('2023Wk31', 24, 8.63),
('2023Wk33', 24, 8.63),
('2023Wk35', 24, 8.63),
('2023Wk37', 24, 8.63),
('2023Wk39', 24, 8.63),
('2023Wk41', 24, 8.63),
('2023Wk43', 24, 8.63),
('2023Wk45', 24, 8.63),
('2023Wk47', 24, 8.63),
('2023Wk49', 24, 8.63),
('2023Wk51', 24, 8.63),
('2024Wk01', 24, 8.61),
('2024Wk03', 24, 8.61),
('2024Wk05', 24, 8.61),
('2024Wk07', 24, 8.61),
('2024Wk09', 24, 8.61),
('2024Wk11', 24, 8.61),
('2024Wk13', 24, 8.61),
('2024Wk15', 24, 8.61),
('2024Wk17', 24, 8.61),
('2024Wk19', 24, 8.61),
('2024Wk21', 24, 8.61),
('2024Wk23', 24, 8.61),
('2024Wk25', 24, 8.61),
('2024Wk27', 24, 8.61),
('2024Wk29', 24, 8.61),
('2024Wk31', 24, 8.61),
('2024Wk33', 24, 8.61),
('2024Wk35', 24, 8.61),
('2024Wk37', 24, 8.61),
('2024Wk39', 24, 8.61),
('2024Wk41', 24, 8.61),
('2024Wk43', 24, 8.61),
('2024Wk45', 24, 8.61),
('2024Wk47', 24, 8.61),
('2024Wk49', 24, 8.61),
('2024Wk51', 24, 8.61),
('2024Wk53', 24, 8.61),
('2020Wk02', 25, 8.61),
('2020Wk04', 25, 8.61),
('2020Wk06', 25, 8.61),
('2020Wk08', 25, 8.61),
('2020Wk10', 25, 8.61),
('2020Wk12', 25, 8.61),
('2020Wk14', 25, 8.61),
('2020Wk16', 25, 8.61),
('2020Wk18', 25, 8.61),
('2020Wk20', 25, 8.61),
('2020Wk22', 25, 8.61),
('2020Wk24', 25, 8.61),
('2020Wk26', 25, 8.61),
('2020Wk28', 25, 8.61),
('2020Wk30', 25, 8.61),
('2020Wk32', 25, 8.61),
('2020Wk34', 25, 8.61),
('2020Wk36', 25, 8.61),
('2020Wk38', 25, 8.61),
('2020Wk40', 25, 8.61),
('2020Wk42', 25, 8.61),
('2020Wk44', 25, 8.61),
('2020Wk46', 25, 8.61),
('2020Wk48', 25, 8.61),
('2020Wk50', 25, 8.61),
('2020Wk52', 25, 8.61),
('2021Wk01', 25, 8.63),
('2021Wk03', 25, 8.63),
('2021Wk05', 25, 8.63),
('2021Wk07', 25, 8.63),
('2021Wk09', 25, 8.63),
('2021Wk11', 25, 8.63),
('2021Wk13', 25, 8.63),
('2021Wk15', 25, 8.63),
('2021Wk17', 25, 8.63),
('2021Wk19', 25, 8.63),
('2021Wk21', 25, 8.63),
('2021Wk23', 25, 8.63),
('2021Wk25', 25, 8.63),
('2021Wk27', 25, 8.63),
('2021Wk29', 25, 8.63),
('2021Wk31', 25, 8.63),
('2021Wk33', 25, 8.63),
('2021Wk35', 25, 8.63),
('2021Wk37', 25, 8.63),
('2021Wk39', 25, 8.63),
('2021Wk41', 25, 8.63),
('2021Wk43', 25, 8.63),
('2021Wk45', 25, 8.63),
('2021Wk47', 25, 8.63),
('2021Wk49', 25, 8.63),
('2021Wk51', 25, 8.63),
('2022Wk01', 25, 8.63),
('2022Wk03', 25, 8.63),
('2022Wk05', 25, 8.63),
('2022Wk07', 25, 8.63),
('2022Wk09', 25, 8.63),
('2022Wk11', 25, 8.63),
('2022Wk13', 25, 8.63),
('2022Wk15', 25, 8.63),
('2022Wk17', 25, 8.63),
('2022Wk19', 25, 8.63),
('2022Wk21', 25, 8.63),
('2022Wk23', 25, 8.63),
('2022Wk25', 25, 8.63),
('2022Wk27', 25, 8.63),
('2022Wk29', 25, 8.63),
('2022Wk31', 25, 8.63),
('2022Wk33', 25, 8.63),
('2022Wk35', 25, 8.63),
('2022Wk37', 25, 8.63),
('2022Wk39', 25, 8.63),
('2022Wk41', 25, 8.63),
('2022Wk43', 25, 8.63),
('2022Wk45', 25, 8.63),
('2022Wk47', 25, 8.63),
('2022Wk49', 25, 8.63),
('2022Wk51', 25, 8.63),
('2023Wk01', 25, 8.63),
('2023Wk03', 25, 8.63),
('2023Wk05', 25, 8.63),
('2023Wk07', 25, 8.63),
('2023Wk09', 25, 8.63),
('2023Wk11', 25, 8.63),
('2023Wk13', 25, 8.63),
('2023Wk15', 25, 8.63),
('2023Wk17', 25, 8.63),
('2023Wk19', 25, 8.63),
('2023Wk21', 25, 8.63),
('2023Wk23', 25, 8.63),
('2023Wk25', 25, 8.63),
('2023Wk27', 25, 8.63),
('2023Wk29', 25, 8.63),
('2023Wk31', 25, 8.63),
('2023Wk33', 25, 8.63),
('2023Wk35', 25, 8.63),
('2023Wk37', 25, 8.63),
('2023Wk39', 25, 8.63),
('2023Wk41', 25, 8.63),
('2023Wk43', 25, 8.63),
('2023Wk45', 25, 8.63),
('2023Wk47', 25, 8.63),
('2023Wk49', 25, 8.63),
('2023Wk51', 25, 8.63),
('2024Wk01', 25, 8.61),
('2024Wk03', 25, 8.61),
('2024Wk05', 25, 8.61),
('2024Wk07', 25, 8.61),
('2024Wk09', 25, 8.61),
('2024Wk11', 25, 8.61),
('2024Wk13', 25, 8.61),
('2024Wk15', 25, 8.61),
('2024Wk17', 25, 8.61),
('2024Wk19', 25, 8.61),
('2024Wk21', 25, 8.61),
('2024Wk23', 25, 8.61),
('2024Wk25', 25, 8.61),
('2024Wk27', 25, 8.61),
('2024Wk29', 25, 8.61),
('2024Wk31', 25, 8.61),
('2024Wk33', 25, 8.61),
('2024Wk35', 25, 8.61),
('2024Wk37', 25, 8.61),
('2024Wk39', 25, 8.61),
('2024Wk41', 25, 8.61),
('2024Wk43', 25, 8.61),
('2024Wk45', 25, 8.61),
('2024Wk47', 25, 8.61),
('2024Wk49', 25, 8.61),
('2024Wk51', 25, 8.61),
('2024Wk53', 25, 8.61),
('2020Wk02', 26, 8.61),
('2020Wk04', 26, 8.61),
('2020Wk06', 26, 8.61),
('2020Wk08', 26, 8.61),
('2020Wk10', 26, 8.61),
('2020Wk12', 26, 8.61),
('2020Wk14', 26, 8.61),
('2020Wk16', 26, 8.61),
('2020Wk18', 26, 8.61),
('2020Wk20', 26, 8.61),
('2020Wk22', 26, 8.61),
('2020Wk24', 26, 8.61),
('2020Wk26', 26, 8.61),
('2020Wk28', 26, 8.61),
('2020Wk30', 26, 8.61),
('2020Wk32', 26, 8.61),
('2020Wk34', 26, 8.61),
('2020Wk36', 26, 8.61),
('2020Wk38', 26, 8.61),
('2020Wk40', 26, 8.61),
('2020Wk42', 26, 8.61),
('2020Wk44', 26, 8.61),
('2020Wk46', 26, 8.61),
('2020Wk48', 26, 8.61),
('2020Wk50', 26, 8.61),
('2020Wk52', 26, 8.61),
('2021Wk01', 26, 8.63),
('2021Wk03', 26, 8.63),
('2021Wk05', 26, 8.63),
('2021Wk07', 26, 8.63),
('2021Wk09', 26, 8.63),
('2021Wk11', 26, 8.63),
('2021Wk13', 26, 8.63),
('2021Wk15', 26, 8.63),
('2021Wk17', 26, 8.63),
('2021Wk19', 26, 8.63),
('2021Wk21', 26, 8.63),
('2021Wk23', 26, 8.63),
('2021Wk25', 26, 8.63),
('2021Wk27', 26, 8.63),
('2021Wk29', 26, 8.63),
('2021Wk31', 26, 8.63),
('2021Wk33', 26, 8.63),
('2021Wk35', 26, 8.63),
('2021Wk37', 26, 8.63),
('2021Wk39', 26, 8.63),
('2021Wk41', 26, 8.63),
('2021Wk43', 26, 8.63),
('2021Wk45', 26, 8.63),
('2021Wk47', 26, 8.63),
('2021Wk49', 26, 8.63),
('2021Wk51', 26, 8.63),
('2022Wk01', 26, 8.63),
('2022Wk03', 26, 8.63),
('2022Wk05', 26, 8.63),
('2022Wk07', 26, 8.63),
('2022Wk09', 26, 8.63),
('2022Wk11', 26, 8.63),
('2022Wk13', 26, 8.63),
('2022Wk15', 26, 8.63),
('2022Wk17', 26, 8.63),
('2022Wk19', 26, 8.63),
('2022Wk21', 26, 8.63),
('2022Wk23', 26, 8.63),
('2022Wk25', 26, 8.63),
('2022Wk27', 26, 8.63),
('2022Wk29', 26, 8.63),
('2022Wk31', 26, 8.63),
('2022Wk33', 26, 8.63),
('2022Wk35', 26, 8.63),
('2022Wk37', 26, 8.63),
('2022Wk39', 26, 8.63),
('2022Wk41', 26, 8.63),
('2022Wk43', 26, 8.63),
('2022Wk45', 26, 8.63),
('2022Wk47', 26, 8.63),
('2022Wk49', 26, 8.63),
('2022Wk51', 26, 8.63),
('2023Wk01', 26, 8.63),
('2023Wk03', 26, 8.63),
('2023Wk05', 26, 8.63),
('2023Wk07', 26, 8.63),
('2023Wk09', 26, 8.63),
('2023Wk11', 26, 8.63),
('2023Wk13', 26, 8.63),
('2023Wk15', 26, 8.63),
('2023Wk17', 26, 8.63),
('2023Wk19', 26, 8.63),
('2023Wk21', 26, 8.63),
('2023Wk23', 26, 8.63),
('2023Wk25', 26, 8.63),
('2023Wk27', 26, 8.63),
('2023Wk29', 26, 8.63),
('2023Wk31', 26, 8.63),
('2023Wk33', 26, 8.63),
('2023Wk35', 26, 8.63),
('2023Wk37', 26, 8.63),
('2023Wk39', 26, 8.63),
('2023Wk41', 26, 8.63),
('2023Wk43', 26, 8.63),
('2023Wk45', 26, 8.63),
('2023Wk47', 26, 8.63),
('2023Wk49', 26, 8.63),
('2023Wk51', 26, 8.63),
('2024Wk01', 26, 8.61),
('2024Wk03', 26, 8.61),
('2024Wk05', 26, 8.61),
('2024Wk07', 26, 8.61),
('2024Wk09', 26, 8.61),
('2024Wk11', 26, 8.61),
('2024Wk13', 26, 8.61),
('2024Wk15', 26, 8.61),
('2024Wk17', 26, 8.61),
('2024Wk19', 26, 8.61),
('2024Wk21', 26, 8.61),
('2024Wk23', 26, 8.61),
('2024Wk25', 26, 8.61),
('2024Wk27', 26, 8.61),
('2024Wk29', 26, 8.61),
('2024Wk31', 26, 8.61),
('2024Wk33', 26, 8.61),
('2024Wk35', 26, 8.61),
('2024Wk37', 26, 8.61),
('2024Wk39', 26, 8.61),
('2024Wk41', 26, 8.61),
('2024Wk43', 26, 8.61),
('2024Wk45', 26, 8.61),
('2024Wk47', 26, 8.61),
('2024Wk49', 26, 8.61),
('2024Wk51', 26, 8.61),
('2024Wk53', 26, 8.61),
('2020Wk02', 27, 8.61),
('2020Wk04', 27, 8.61),
('2020Wk06', 27, 8.61),
('2020Wk08', 27, 8.61),
('2020Wk10', 27, 8.61),
('2020Wk12', 27, 8.61),
('2020Wk14', 27, 8.61),
('2020Wk16', 27, 8.61),
('2020Wk18', 27, 8.61),
('2020Wk20', 27, 8.61),
('2020Wk22', 27, 8.61),
('2020Wk24', 27, 8.61),
('2020Wk26', 27, 8.61),
('2020Wk28', 27, 8.61),
('2020Wk30', 27, 8.61),
('2020Wk32', 27, 8.61),
('2020Wk34', 27, 8.61),
('2020Wk36', 27, 8.61),
('2020Wk38', 27, 8.61),
('2020Wk40', 27, 8.61),
('2020Wk42', 27, 8.61),
('2020Wk44', 27, 8.61),
('2020Wk46', 27, 8.61),
('2020Wk48', 27, 8.61),
('2020Wk50', 27, 8.61),
('2020Wk52', 27, 8.61),
('2021Wk01', 27, 8.63),
('2021Wk03', 27, 8.63),
('2021Wk05', 27, 8.63),
('2021Wk07', 27, 8.63),
('2021Wk09', 27, 8.63),
('2021Wk11', 27, 8.63),
('2021Wk13', 27, 8.63),
('2021Wk15', 27, 8.63),
('2021Wk17', 27, 8.63),
('2021Wk19', 27, 8.63),
('2021Wk21', 27, 8.63),
('2021Wk23', 27, 8.63),
('2021Wk25', 27, 8.63),
('2021Wk27', 27, 8.63),
('2021Wk29', 27, 8.63),
('2021Wk31', 27, 8.63),
('2021Wk33', 27, 8.63),
('2021Wk35', 27, 8.63),
('2021Wk37', 27, 8.63),
('2021Wk39', 27, 8.63),
('2021Wk41', 27, 8.63),
('2021Wk43', 27, 8.63),
('2021Wk45', 27, 8.63),
('2021Wk47', 27, 8.63),
('2021Wk49', 27, 8.63),
('2021Wk51', 27, 8.63),
('2022Wk01', 27, 8.63),
('2022Wk03', 27, 8.63),
('2022Wk05', 27, 8.63),
('2022Wk07', 27, 8.63),
('2022Wk09', 27, 8.63),
('2022Wk11', 27, 8.63),
('2022Wk13', 27, 8.63),
('2022Wk15', 27, 8.63),
('2022Wk17', 27, 8.63),
('2022Wk19', 27, 8.63),
('2022Wk21', 27, 8.63),
('2022Wk23', 27, 8.63),
('2022Wk25', 27, 8.63),
('2022Wk27', 27, 8.63),
('2022Wk29', 27, 8.63),
('2022Wk31', 27, 8.63),
('2022Wk33', 27, 8.63),
('2022Wk35', 27, 8.63),
('2022Wk37', 27, 8.63),
('2022Wk39', 27, 8.63),
('2022Wk41', 27, 8.63),
('2022Wk43', 27, 8.63),
('2022Wk45', 27, 8.63),
('2022Wk47', 27, 8.63),
('2022Wk49', 27, 8.63),
('2022Wk51', 27, 8.63),
('2023Wk01', 27, 8.63),
('2023Wk03', 27, 8.63),
('2023Wk05', 27, 8.63),
('2023Wk07', 27, 8.63),
('2023Wk09', 27, 8.63),
('2023Wk11', 27, 8.63),
('2023Wk13', 27, 8.63),
('2023Wk15', 27, 8.63),
('2023Wk17', 27, 8.63),
('2023Wk19', 27, 8.63),
('2023Wk21', 27, 8.63),
('2023Wk23', 27, 8.63),
('2023Wk25', 27, 8.63),
('2023Wk27', 27, 8.63),
('2023Wk29', 27, 8.63),
('2023Wk31', 27, 8.63),
('2023Wk33', 27, 8.63),
('2023Wk35', 27, 8.63),
('2023Wk37', 27, 8.63),
('2023Wk39', 27, 8.63),
('2023Wk41', 27, 8.63),
('2023Wk43', 27, 8.63),
('2023Wk45', 27, 8.63),
('2023Wk47', 27, 8.63),
('2023Wk49', 27, 8.63),
('2023Wk51', 27, 8.63),
('2024Wk01', 27, 8.61),
('2024Wk03', 27, 8.61),
('2024Wk05', 27, 8.61),
('2024Wk07', 27, 8.61),
('2024Wk09', 27, 8.61),
('2024Wk11', 27, 8.61),
('2024Wk13', 27, 8.61),
('2024Wk15', 27, 8.61),
('2024Wk17', 27, 8.61),
('2024Wk19', 27, 8.61),
('2024Wk21', 27, 8.61),
('2024Wk23', 27, 8.61),
('2024Wk25', 27, 8.61),
('2024Wk27', 27, 8.61),
('2024Wk29', 27, 8.61),
('2024Wk31', 27, 8.61),
('2024Wk33', 27, 8.61),
('2024Wk35', 27, 8.61),
('2024Wk37', 27, 8.61),
('2024Wk39', 27, 8.61),
('2024Wk41', 27, 8.61),
('2024Wk43', 27, 8.61),
('2024Wk45', 27, 8.61),
('2024Wk47', 27, 8.61),
('2024Wk49', 27, 8.61),
('2024Wk51', 27, 8.61),
('2024Wk53', 27, 8.61),
('2020Wk02', 28, 8.61),
('2020Wk04', 28, 8.61),
('2020Wk06', 28, 8.61),
('2020Wk08', 28, 8.61),
('2020Wk10', 28, 8.61),
('2020Wk12', 28, 8.61),
('2020Wk14', 28, 8.61),
('2020Wk16', 28, 8.61),
('2020Wk18', 28, 8.61),
('2020Wk20', 28, 8.61),
('2020Wk22', 28, 8.61),
('2020Wk24', 28, 8.61),
('2020Wk26', 28, 8.61),
('2020Wk28', 28, 8.61),
('2020Wk30', 28, 8.61),
('2020Wk32', 28, 8.61),
('2020Wk34', 28, 8.61),
('2020Wk36', 28, 8.61),
('2020Wk38', 28, 8.61),
('2020Wk40', 28, 8.61),
('2020Wk42', 28, 8.61),
('2020Wk44', 28, 8.61),
('2020Wk46', 28, 8.61),
('2020Wk48', 28, 8.61),
('2020Wk50', 28, 8.61),
('2020Wk52', 28, 8.61),
('2021Wk01', 28, 8.63),
('2021Wk03', 28, 8.63),
('2021Wk05', 28, 8.63),
('2021Wk07', 28, 8.63),
('2021Wk09', 28, 8.63),
('2021Wk11', 28, 8.63),
('2021Wk13', 28, 8.63),
('2021Wk15', 28, 8.63),
('2021Wk17', 28, 8.63),
('2021Wk19', 28, 8.63),
('2021Wk21', 28, 8.63),
('2021Wk23', 28, 8.63),
('2021Wk25', 28, 8.63),
('2021Wk27', 28, 8.63),
('2021Wk29', 28, 8.63),
('2021Wk31', 28, 8.63),
('2021Wk33', 28, 8.63),
('2021Wk35', 28, 8.63),
('2021Wk37', 28, 8.63),
('2021Wk39', 28, 8.63),
('2021Wk41', 28, 8.63),
('2021Wk43', 28, 8.63),
('2021Wk45', 28, 8.63),
('2021Wk47', 28, 8.63),
('2021Wk49', 28, 8.63),
('2021Wk51', 28, 8.63),
('2022Wk01', 28, 8.63),
('2022Wk03', 28, 8.63),
('2022Wk05', 28, 8.63),
('2022Wk07', 28, 8.63),
('2022Wk09', 28, 8.63),
('2022Wk11', 28, 8.63),
('2022Wk13', 28, 8.63),
('2022Wk15', 28, 8.63),
('2022Wk17', 28, 8.63),
('2022Wk19', 28, 8.63),
('2022Wk21', 28, 8.63),
('2022Wk23', 28, 8.63),
('2022Wk25', 28, 8.63),
('2022Wk27', 28, 8.63),
('2022Wk29', 28, 8.63),
('2022Wk31', 28, 8.63),
('2022Wk33', 28, 8.63),
('2022Wk35', 28, 8.63),
('2022Wk37', 28, 8.63),
('2022Wk39', 28, 8.63),
('2022Wk41', 28, 8.63),
('2022Wk43', 28, 8.63),
('2022Wk45', 28, 8.63),
('2022Wk47', 28, 8.63),
('2022Wk49', 28, 8.63),
('2022Wk51', 28, 8.63),
('2023Wk01', 28, 8.63),
('2023Wk03', 28, 8.63),
('2023Wk05', 28, 8.63),
('2023Wk07', 28, 8.63),
('2023Wk09', 28, 8.63),
('2023Wk11', 28, 8.63),
('2023Wk13', 28, 8.63),
('2023Wk15', 28, 8.63),
('2023Wk17', 28, 8.63),
('2023Wk19', 28, 8.63),
('2023Wk21', 28, 8.63),
('2023Wk23', 28, 8.63),
('2023Wk25', 28, 8.63),
('2023Wk27', 28, 8.63),
('2023Wk29', 28, 8.63),
('2023Wk31', 28, 8.63),
('2023Wk33', 28, 8.63),
('2023Wk35', 28, 8.63),
('2023Wk37', 28, 8.63),
('2023Wk39', 28, 8.63),
('2023Wk41', 28, 8.63),
('2023Wk43', 28, 8.63),
('2023Wk45', 28, 8.63),
('2023Wk47', 28, 8.63),
('2023Wk49', 28, 8.63),
('2023Wk51', 28, 8.63),
('2024Wk01', 28, 8.61),
('2024Wk03', 28, 8.61),
('2024Wk05', 28, 8.61),
('2024Wk07', 28, 8.61),
('2024Wk09', 28, 8.61),
('2024Wk11', 28, 8.61),
('2024Wk13', 28, 8.61),
('2024Wk15', 28, 8.61),
('2024Wk17', 28, 8.61),
('2024Wk19', 28, 8.61),
('2024Wk21', 28, 8.61),
('2024Wk23', 28, 8.61),
('2024Wk25', 28, 8.61),
('2024Wk27', 28, 8.61),
('2024Wk29', 28, 8.61),
('2024Wk31', 28, 8.61),
('2024Wk33', 28, 8.61),
('2024Wk35', 28, 8.61),
('2024Wk37', 28, 8.61),
('2024Wk39', 28, 8.61),
('2024Wk41', 28, 8.61),
('2024Wk43', 28, 8.61),
('2024Wk45', 28, 8.61),
('2024Wk47', 28, 8.61),
('2024Wk49', 28, 8.61),
('2024Wk51', 28, 8.61),
('2024Wk53', 28, 8.61),
('2020Wk02', 29, 8.61),
('2020Wk04', 29, 8.61),
('2020Wk06', 29, 8.61),
('2020Wk08', 29, 8.61),
('2020Wk10', 29, 8.61),
('2020Wk12', 29, 8.61),
('2020Wk14', 29, 8.61),
('2020Wk16', 29, 8.61),
('2020Wk18', 29, 8.61),
('2020Wk20', 29, 8.61),
('2020Wk22', 29, 8.61),
('2020Wk24', 29, 8.61),
('2020Wk26', 29, 8.61),
('2020Wk28', 29, 8.61),
('2020Wk30', 29, 8.61),
('2020Wk32', 29, 8.61),
('2020Wk34', 29, 8.61),
('2020Wk36', 29, 8.61),
('2020Wk38', 29, 8.61),
('2020Wk40', 29, 8.61),
('2020Wk42', 29, 8.61),
('2020Wk44', 29, 8.61),
('2020Wk46', 29, 8.61),
('2020Wk48', 29, 8.61),
('2020Wk50', 29, 8.61),
('2020Wk52', 29, 8.61),
('2021Wk01', 29, 8.63),
('2021Wk03', 29, 8.63),
('2021Wk05', 29, 8.63),
('2021Wk07', 29, 8.63),
('2021Wk09', 29, 8.63),
('2021Wk11', 29, 8.63),
('2021Wk13', 29, 8.63),
('2021Wk15', 29, 8.63),
('2021Wk17', 29, 8.63),
('2021Wk19', 29, 8.63),
('2021Wk21', 29, 8.63),
('2021Wk23', 29, 8.63),
('2021Wk25', 29, 8.63),
('2021Wk27', 29, 8.63),
('2021Wk29', 29, 8.63),
('2021Wk31', 29, 8.63),
('2021Wk33', 29, 8.63),
('2021Wk35', 29, 8.63),
('2021Wk37', 29, 8.63),
('2021Wk39', 29, 8.63),
('2021Wk41', 29, 8.63),
('2021Wk43', 29, 8.63),
('2021Wk45', 29, 8.63),
('2021Wk47', 29, 8.63),
('2021Wk49', 29, 8.63),
('2021Wk51', 29, 8.63),
('2022Wk01', 29, 8.63),
('2022Wk03', 29, 8.63),
('2022Wk05', 29, 8.63),
('2022Wk07', 29, 8.63),
('2022Wk09', 29, 8.63),
('2022Wk11', 29, 8.63),
('2022Wk13', 29, 8.63),
('2022Wk15', 29, 8.63),
('2022Wk17', 29, 8.63),
('2022Wk19', 29, 8.63),
('2022Wk21', 29, 8.63),
('2022Wk23', 29, 8.63),
('2022Wk25', 29, 8.63),
('2022Wk27', 29, 8.63),
('2022Wk29', 29, 8.63),
('2022Wk31', 29, 8.63),
('2022Wk33', 29, 8.63),
('2022Wk35', 29, 8.63),
('2022Wk37', 29, 8.63),
('2022Wk39', 29, 8.63),
('2022Wk41', 29, 8.63),
('2022Wk43', 29, 8.63),
('2022Wk45', 29, 8.63),
('2022Wk47', 29, 8.63),
('2022Wk49', 29, 8.63),
('2022Wk51', 29, 8.63),
('2023Wk01', 29, 8.63),
('2023Wk03', 29, 8.63),
('2023Wk05', 29, 8.63),
('2023Wk07', 29, 8.63),
('2023Wk09', 29, 8.63),
('2023Wk11', 29, 8.63),
('2023Wk13', 29, 8.63),
('2023Wk15', 29, 8.63),
('2023Wk17', 29, 8.63),
('2023Wk19', 29, 8.63),
('2023Wk21', 29, 8.63),
('2023Wk23', 29, 8.63),
('2023Wk25', 29, 8.63),
('2023Wk27', 29, 8.63),
('2023Wk29', 29, 8.63),
('2023Wk31', 29, 8.63),
('2023Wk33', 29, 8.63),
('2023Wk35', 29, 8.63),
('2023Wk37', 29, 8.63),
('2023Wk39', 29, 8.63),
('2023Wk41', 29, 8.63),
('2023Wk43', 29, 8.63),
('2023Wk45', 29, 8.63),
('2023Wk47', 29, 8.63),
('2023Wk49', 29, 8.63),
('2023Wk51', 29, 8.63),
('2024Wk01', 29, 8.61),
('2024Wk03', 29, 8.61),
('2024Wk05', 29, 8.61),
('2024Wk07', 29, 8.61),
('2024Wk09', 29, 8.61),
('2024Wk11', 29, 8.61),
('2024Wk13', 29, 8.61),
('2024Wk15', 29, 8.61),
('2024Wk17', 29, 8.61),
('2024Wk19', 29, 8.61),
('2024Wk21', 29, 8.61),
('2024Wk23', 29, 8.61),
('2024Wk25', 29, 8.61),
('2024Wk27', 29, 8.61),
('2024Wk29', 29, 8.61),
('2024Wk31', 29, 8.61),
('2024Wk33', 29, 8.61),
('2024Wk35', 29, 8.61),
('2024Wk37', 29, 8.61),
('2024Wk39', 29, 8.61),
('2024Wk41', 29, 8.61),
('2024Wk43', 29, 8.61),
('2024Wk45', 29, 8.61),
('2024Wk47', 29, 8.61),
('2024Wk49', 29, 8.61),
('2024Wk51', 29, 8.61),
('2024Wk53', 29, 8.61)
;